2.514170706272125244e-01,-3.911651298403739929e-02,1.674316078424453735e-01,7.976940274238586426e-01,-4.038684070110321045e-03,2.540655666962265968e-03,1.898301206529140472e-02
2.514410316944122314e-01,-3.910452872514724731e-02,1.674316078424453735e-01,7.976700067520141602e-01,-4.038684070110321045e-03,2.540655666962265968e-03,1.898301206529140472e-02
2.514170706272125244e-01,-3.911651298403739929e-02,1.674196273088455200e-01,7.976580262184143066e-01,-4.062652587890625000e-03,2.540655666962265968e-03,1.897102780640125275e-02
2.514410316944122314e-01,-3.911651298403739929e-02,1.674196273088455200e-01,7.976700067520141602e-01,-4.026699811220169067e-03,2.540655666962265968e-03,1.897102780640125275e-02
2.514170706272125244e-01,-3.911651298403739929e-02,1.674555838108062744e-01,7.976700067520141602e-01,-4.038684070110321045e-03,2.528671640902757645e-03,1.898301206529140472e-02
2.514410316944122314e-01,-3.911651298403739929e-02,1.674316078424453735e-01,7.977299690246582031e-01,-4.038684070110321045e-03,2.528671640902757645e-03,1.898301206529140472e-02
2.514170706272125244e-01,-3.909254446625709534e-02,1.674316078424453735e-01,7.978258132934570312e-01,-4.038684070110321045e-03,2.468750346451997757e-03,1.897102780640125275e-02
2.513810992240905762e-01,-3.909254446625709534e-02,1.674316078424453735e-01,7.979217171669006348e-01,-4.038684070110321045e-03,2.480734605342149734e-03,1.898301206529140472e-02
2.513571381568908691e-01,-3.906857594847679138e-02,1.674316078424453735e-01,7.979936003684997559e-01,-4.050668329000473022e-03,2.480734605342149734e-03,1.897102780640125275e-02
2.513331770896911621e-01,-3.908056020736694336e-02,1.674316078424453735e-01,7.981494069099426270e-01,-4.038684070110321045e-03,2.468750346451997757e-03,1.897102780640125275e-02
2.512732446193695068e-01,-3.905659168958663940e-02,1.674555838108062744e-01,7.983052134513854980e-01,-4.038684070110321045e-03,2.420813543722033501e-03,1.895904354751110077e-02
2.510814964771270752e-01,-3.903262317180633545e-02,1.674555838108062744e-01,7.986167669296264648e-01,-4.050668329000473022e-03,2.384860767051577568e-03,1.895904354751110077e-02
2.509257197380065918e-01,-3.903262317180633545e-02,1.674555838108062744e-01,7.989882826805114746e-01,-4.062652587890625000e-03,2.300971187651157379e-03,1.895904354751110077e-02
2.508657872676849365e-01,-3.899667039513587952e-02,1.674316078424453735e-01,7.993478178977966309e-01,-4.062652587890625000e-03,2.253034384921193123e-03,1.895904354751110077e-02
2.507219910621643066e-01,-3.896071761846542358e-02,1.674316078424453735e-01,7.998391985893249512e-01,-4.062652587890625000e-03,2.193113323301076889e-03,1.894705928862094879e-02
2.504343688488006592e-01,-3.893674910068511963e-02,1.674435883760452271e-01,8.006541132926940918e-01,-4.038684070110321045e-03,2.157160546630620956e-03,1.894705928862094879e-02
2.500508725643157959e-01,-3.893674910068511963e-02,1.674555838108062744e-01,8.014929890632629395e-01,-4.086620640009641647e-03,2.109223743900656700e-03,1.893507502973079681e-02
2.497512549161911011e-01,-3.885285928845405579e-02,1.674555838108062744e-01,8.024517297744750977e-01,-4.098604898899793625e-03,2.073270967230200768e-03,1.893507502973079681e-02
2.493078410625457764e-01,-3.879293799400329590e-02,1.674316078424453735e-01,8.035063743591308594e-01,-4.086620640009641647e-03,2.061286708340048790e-03,1.892309077084064484e-02
2.486966401338577271e-01,-3.867309540510177612e-02,1.674316078424453735e-01,8.048605918884277344e-01,-4.086620640009641647e-03,2.013349905610084534e-03,1.893507502973079681e-02
2.482771873474121094e-01,-3.860118985176086426e-02,1.674316078424453735e-01,8.060470223426818848e-01,-4.122573416680097580e-03,1.989381387829780579e-03,1.892309077084064484e-02
2.477019578218460083e-01,-3.842142596840858459e-02,1.674316078424453735e-01,8.073053359985351562e-01,-4.146541934460401535e-03,1.941444468684494495e-03,1.891110651195049286e-02
2.471386939287185669e-01,-3.831356763839721680e-02,1.674316078424453735e-01,8.088872432708740234e-01,-4.158526193350553513e-03,1.881523407064378262e-03,1.886317133903503418e-02
2.463597208261489868e-01,-3.806189820170402527e-02,1.674196273088455200e-01,8.104451894760131836e-01,-4.158526193350553513e-03,1.893507549539208412e-03,1.885118708014488220e-02
2.456646263599395752e-01,-3.796602413058280945e-02,1.674076467752456665e-01,8.122189044952392578e-01,-4.254399798810482025e-03,1.869539148174226284e-03,1.879126578569412231e-02
2.452092319726943970e-01,-3.764245286583900452e-02,1.674076467752456665e-01,8.140045404434204102e-01,-4.314321093261241913e-03,1.773665309883654118e-03,1.879126578569412231e-02
2.445620894432067871e-01,-3.729490935802459717e-02,1.673597097396850586e-01,8.157542347908020020e-01,-4.589958116412162781e-03,1.629854668863117695e-03,1.870737597346305847e-02
2.434834986925125122e-01,-3.659982234239578247e-02,1.673836708068847656e-01,8.184027671813964844e-01,-4.589958116412162781e-03,1.486043911427259445e-03,1.868340745568275452e-02
2.415300756692886353e-01,-3.589275479316711426e-02,1.673357337713241577e-01,8.219380974769592285e-01,-4.637895151972770691e-03,1.426122849807143211e-03,1.865943893790245056e-02
2.400080859661102295e-01,-3.510179743170738220e-02,1.673237532377243042e-01,8.244428038597106934e-01,-4.661863669753074646e-03,1.474059652537107468e-03,1.865943893790245056e-02
2.387737035751342773e-01,-3.450258448719978333e-02,1.672877967357635498e-01,8.269115686416625977e-01,-4.697816446423530579e-03,1.474059652537107468e-03,1.862348616123199463e-02
2.376471906900405884e-01,-3.366369009017944336e-02,1.672278791666030884e-01,8.286612629890441895e-01,-4.745753016322851181e-03,1.414138590916991234e-03,1.859951764345169067e-02
2.366884499788284302e-01,-3.300455585122108459e-02,1.672158986330032349e-01,8.307824730873107910e-01,-4.841627087444067001e-03,1.354217412881553173e-03,1.856356486678123474e-02
2.359813749790191650e-01,-3.218962997198104858e-02,1.671919226646423340e-01,8.322205543518066406e-01,-4.853611346334218979e-03,1.330249011516571045e-03,1.852761209011077881e-02
2.353701889514923096e-01,-3.145859017968177795e-02,1.670001745223999023e-01,8.331673145294189453e-01,-4.853611346334218979e-03,1.330249011516571045e-03,1.843173801898956299e-02
2.347949445247650146e-01,-3.096723742783069611e-02,1.668084263801574707e-01,8.335508108139038086e-01,-4.901547916233539581e-03,1.294296351261436939e-03,1.827594265341758728e-02
2.345073223114013672e-01,-3.041596338152885437e-02,1.666046977043151855e-01,8.338384032249450684e-01,-5.057343281805515289e-03,1.198422512970864773e-03,1.809618063271045685e-02
2.342915982007980347e-01,-3.004445321857929230e-02,1.665567606687545776e-01,8.340181708335876465e-01,-5.141232628375291824e-03,1.006674952805042267e-03,1.772466860711574554e-02
2.341477870941162109e-01,-2.968492545187473297e-02,1.665327996015548706e-01,8.342338800430297852e-01,-5.225121974945068359e-03,7.669904152862727642e-04,1.748498529195785522e-02
2.338961213827133179e-01,-2.933738380670547485e-02,1.664249300956726074e-01,8.345095515251159668e-01,-5.261074751615524292e-03,5.273059359751641750e-04,1.717339456081390381e-02
2.337043732404708862e-01,-2.906174585223197937e-02,1.662931144237518311e-01,8.347971439361572266e-01,-5.320996046066284180e-03,3.834952076431363821e-04,1.686180569231510162e-02
2.332609593868255615e-01,-2.881007827818393707e-02,1.662212014198303223e-01,8.354563117027282715e-01,-5.344964563846588135e-03,5.992112710373476148e-05,1.656219922006130219e-02
2.326976954936981201e-01,-2.852245606482028961e-02,1.661493033170700073e-01,8.362352848052978516e-01,-5.344964563846588135e-03,-1.677791588008403778e-04,1.628656126558780670e-02
2.318108677864074707e-01,-2.824681811034679413e-02,1.659695357084274292e-01,8.376494050025939941e-01,-5.332980304956436157e-03,-4.913532175123691559e-04,1.592703536152839661e-02
2.308161854743957520e-01,-2.782737091183662415e-02,1.657777875661849976e-01,8.393032550811767578e-01,-5.332980304956436157e-03,-6.111955153755843639e-04,1.562742888927459717e-02
2.298814058303833008e-01,-2.749181352555751801e-02,1.656699329614639282e-01,8.405975103378295898e-01,-5.344964563846588135e-03,-8.029430755414068699e-04,1.537576131522655487e-02
2.295338660478591919e-01,-2.732403390109539032e-02,1.655980199575424194e-01,8.413764834403991699e-01,-5.320996046066284180e-03,-8.748484542593359947e-04,1.519599743187427521e-02
2.291144132614135742e-01,-2.715625427663326263e-02,1.655141413211822510e-01,8.419157862663269043e-01,-5.320996046066284180e-03,-1.306280493736267090e-03,1.510012336075305939e-02
2.288148105144500732e-01,-2.697649039328098297e-02,1.654542088508605957e-01,8.423232436180114746e-01,-5.320996046066284180e-03,-1.737712649628520012e-03,1.499226596206426620e-02
2.283474206924438477e-01,-2.682069689035415649e-02,1.653583347797393799e-01,8.430782556533813477e-01,-5.332980304956436157e-03,-2.708434825763106346e-03,1.498028170317411423e-02
2.277002781629562378e-01,-2.659299597144126892e-02,1.653343737125396729e-01,8.441808223724365234e-01,-5.320996046066284180e-03,-3.787015099078416824e-03,1.495631318539381027e-02
2.265617847442626953e-01,-2.624545246362686157e-02,1.653103977441787720e-01,8.460503220558166504e-01,-5.320996046066284180e-03,-5.129248369485139847e-03,1.495631318539381027e-02
2.250158190727233887e-01,-2.575409971177577972e-02,1.652864366769790649e-01,8.480996489524841309e-01,-5.320996046066284180e-03,-5.836317781358957291e-03,1.495631318539381027e-02
2.230623811483383179e-01,-2.526274695992469788e-02,1.652624607086181641e-01,8.503886461257934570e-01,-5.320996046066284180e-03,-6.831008475273847580e-03,1.495631318539381027e-02
2.215044349431991577e-01,-2.467552013695240021e-02,1.651905626058578491e-01,8.526176810264587402e-01,-5.309011787176132202e-03,-7.418235298246145248e-03,1.495631318539381027e-02
2.193832248449325562e-01,-2.410027757287025452e-02,1.649269014596939087e-01,8.543673753738403320e-01,-5.320996046066284180e-03,-8.353005163371562958e-03,1.494432892650365829e-02
2.176694869995117188e-01,-2.359693869948387146e-02,1.646033376455307007e-01,8.556497097015380859e-01,-5.285043269395828247e-03,-9.119995869696140289e-03,1.494432892650365829e-02
2.161235213279724121e-01,-2.311757020652294159e-02,1.642318218946456909e-01,8.575312495231628418e-01,-5.285043269395828247e-03,-1.084572356194257736e-02,1.495631318539381027e-02
2.147453278303146362e-01,-2.269812300801277161e-02,1.640041172504425049e-01,8.588734865188598633e-01,-5.285043269395828247e-03,-1.243962533771991730e-02,1.495631318539381027e-02
2.129716724157333374e-01,-2.219478599727153778e-02,1.638842821121215820e-01,8.597722649574279785e-01,-5.285043269395828247e-03,-1.462075486779212952e-02,1.494432892650365829e-02
2.113058567047119141e-01,-2.163152582943439484e-02,1.635607033967971802e-01,8.602995872497558594e-01,-5.273059010505676270e-03,-1.609481498599052429e-02,1.493234466761350632e-02
2.094962447881698608e-01,-2.114017307758331299e-02,1.634288728237152100e-01,8.605752587318420410e-01,-5.285043269395828247e-03,-1.750895380973815918e-02,1.483647059649229050e-02
2.080461531877517700e-01,-2.060088329017162323e-02,1.631292700767517090e-01,8.610905408859252930e-01,-5.285043269395828247e-03,-1.819205470383167267e-02,1.477654930204153061e-02
2.062964588403701782e-01,-2.020540460944175720e-02,1.629734784364700317e-01,8.619893789291381836e-01,-5.285043269395828247e-03,-1.849165931344032288e-02,1.475258171558380127e-02
2.043070793151855469e-01,-1.986984536051750183e-02,1.629015803337097168e-01,8.629960417747497559e-01,-5.297027528285980225e-03,-1.845570653676986694e-02,1.475258171558380127e-02
2.024375349283218384e-01,-1.959420740604400635e-02,1.627817302942276001e-01,8.638109564781188965e-01,-5.285043269395828247e-03,-1.850364357233047485e-02,1.472861319780349731e-02
2.005320340394973755e-01,-1.934253983199596405e-02,1.623742729425430298e-01,8.643622398376464844e-01,-5.309011787176132202e-03,-1.853959634900093079e-02,1.471662893891334534e-02
1.986625045537948608e-01,-1.912682317197322845e-02,1.620746552944183350e-01,8.648536205291748047e-01,-5.297027528285980225e-03,-1.876729726791381836e-02,1.469266042113304138e-02
1.969607472419738770e-01,-1.875531300902366638e-02,1.617151349782943726e-01,8.655247092247009277e-01,-5.309011787176132202e-03,-1.892309077084064484e-02,1.446495950222015381e-02
1.952709704637527466e-01,-1.825197413563728333e-02,1.614874303340911865e-01,8.668070435523986816e-01,-5.320996046066284180e-03,-1.923468150198459625e-02,1.404551230370998383e-02
1.930898427963256836e-01,-1.768871583044528961e-02,1.613316386938095093e-01,8.682930469512939453e-01,-5.320996046066284180e-03,-1.957023888826370239e-02,1.343431603163480759e-02
1.914000660181045532e-01,-1.731720566749572754e-02,1.612357646226882935e-01,8.697431683540344238e-01,-5.368933081626892090e-03,-1.971404999494552612e-02,1.297891605645418167e-02
1.892069429159164429e-01,-1.693370938301086426e-02,1.611758470535278320e-01,8.708577156066894531e-01,-5.380917340517044067e-03,-1.984587684273719788e-02,1.252351514995098114e-02
1.875171661376953125e-01,-1.667005755007266998e-02,1.611159294843673706e-01,8.719242811203002930e-01,-5.380917340517044067e-03,-1.996571943163871765e-02,1.216398831456899643e-02
1.856116801500320435e-01,-1.656219922006130219e-02,1.610919535160064697e-01,8.723437190055847168e-01,-5.404885392636060715e-03,-2.004960924386978149e-02,1.194827258586883545e-02
1.837301552295684814e-01,-1.649029366672039032e-02,1.610919535160064697e-01,8.728350996971130371e-01,-5.428853910416364670e-03,-2.040913514792919159e-02,1.180446147918701172e-02
1.817287951707839966e-01,-1.649029366672039032e-02,1.611039340496063232e-01,8.732185959815979004e-01,-5.440838169306516647e-03,-2.076866291463375092e-02,1.167263556271791458e-02
1.798832267522811890e-01,-1.649029366672039032e-02,1.611039340496063232e-01,8.735661506652832031e-01,-5.440838169306516647e-03,-2.115215733647346497e-02,1.157676149159669876e-02
1.777380406856536865e-01,-1.646632514894008636e-02,1.610679924488067627e-01,8.737218976020812988e-01,-5.440838169306516647e-03,-2.163152582943439484e-02,1.150485593825578690e-02
1.758685111999511719e-01,-1.645434089004993439e-02,1.609840989112854004e-01,8.743930459022521973e-01,-5.440838169306516647e-03,-2.187121100723743439e-02,1.137303002178668976e-02
1.739749908447265625e-01,-1.645434089004993439e-02,1.609601229429244995e-01,8.752918839454650879e-01,-5.440838169306516647e-03,-2.206295914947986603e-02,1.121723465621471405e-02
1.725368946790695190e-01,-1.645434089004993439e-02,1.608642488718032837e-01,8.756873607635498047e-01,-5.488775204867124557e-03,-2.271010726690292358e-02,1.119326613843441010e-02
1.710388660430908203e-01,-1.649029366672039032e-02,1.606006026268005371e-01,8.757832050323486328e-01,-5.572664551436901093e-03,-2.386059239506721497e-02,1.115731336176395416e-02
1.693610697984695435e-01,-1.651426218450069427e-02,1.601811498403549194e-01,8.762026429176330566e-01,-5.560680292546749115e-03,-2.478337846696376801e-02,1.104945596307516098e-02
1.678989976644515991e-01,-1.652624644339084625e-02,1.596897989511489868e-01,8.766940236091613770e-01,-5.572664551436901093e-03,-2.582600526511669159e-02,1.094159763306379318e-02
1.662931144237518311e-01,-1.652624644339084625e-02,1.593542397022247314e-01,8.774490356445312500e-01,-5.572664551436901093e-03,-2.648513764142990112e-02,1.078580226749181747e-02
1.643396764993667603e-01,-1.655021496117115021e-02,1.590905934572219849e-01,8.778924345970153809e-01,-5.608617328107357025e-03,-2.710831724107265472e-02,1.068992912769317627e-02
1.623862534761428833e-01,-1.652624644339084625e-02,1.588029712438583374e-01,8.785875439643859863e-01,-5.644570104777812958e-03,-2.743189223110675812e-02,1.059405505657196045e-02
1.603968739509582520e-01,-1.657418347895145416e-02,1.585393100976943970e-01,8.787673115730285645e-01,-5.668538622558116913e-03,-2.800713479518890381e-02,1.052214950323104858e-02
1.578562110662460327e-01,-1.658616773784160614e-02,1.580479592084884644e-01,8.789710402488708496e-01,-5.860286299139261246e-03,-2.885801345109939575e-02,1.041429210454225540e-02
1.542130112648010254e-01,-1.663410477340221405e-02,1.563941389322280884e-01,8.789830207824707031e-01,-6.663229316473007202e-03,-3.033207356929779053e-02,1.031841803342103958e-02
1.485324949026107788e-01,-1.680188439786434174e-02,1.519719660282135010e-01,8.790788650512695312e-01,-6.974819116294384003e-03,-3.220161423087120056e-02,1.017460692673921585e-02
1.415936201810836792e-01,-1.801229082047939301e-02,1.458120644092559814e-01,8.792107105255126953e-01,-7.502125110477209091e-03,-3.518568351864814758e-02,9.455553255975246429e-03
1.340914964675903320e-01,-2.153565362095832825e-02,1.398559063673019409e-01,8.791627883911132812e-01,-7.885619997978210449e-03,-3.753459453582763672e-02,8.568720892071723938e-03
1.248276904225349426e-01,-2.768355980515480042e-02,1.356853991746902466e-01,8.791627883911132812e-01,-8.281099610030651093e-03,-4.041080921888351440e-02,7.789746392518281937e-03
1.158035695552825928e-01,-3.691141307353973389e-02,1.320901364088058472e-01,8.789470195770263672e-01,-8.652610704302787781e-03,-4.240018874406814575e-02,7.526093628257513046e-03
1.062880903482437134e-01,-4.659466817975044250e-02,1.292378902435302734e-01,8.790549039840698242e-01,-9.155947715044021606e-03,-4.435361921787261963e-02,7.190535310655832291e-03
9.689246118068695068e-02,-5.669736862182617188e-02,1.244441941380500793e-01,8.789830207824707031e-01,-1.025849673897027969e-02,-4.647482559084892273e-02,7.154582533985376358e-03
8.675380796194076538e-02,-6.505037099123001099e-02,1.194108203053474426e-01,8.792466521263122559e-01,-1.211605127900838852e-02,-4.957874119281768799e-02,6.902913562953472137e-03
7.765778154134750366e-02,-6.314488500356674194e-02,9.753961116075515747e-02,8.798937797546386719e-01,-1.277518365532159805e-02,-5.143629387021064758e-02,3.882888937368988991e-03
7.028748095035552979e-02,-6.313289701938629150e-02,8.980978280305862427e-02,8.796541094779968262e-01,-1.225986238569021225e-02,-5.313805490732192993e-02,-5.632585962302982807e-04
6.175471097230911255e-02,-6.304901093244552612e-02,8.786834031343460083e-02,8.795343041419982910e-01,-1.277518365532159805e-02,-5.560680478811264038e-02,2.876213984563946724e-04
5.361742526292800903e-02,-6.319282203912734985e-02,8.847953379154205322e-02,8.789830207824707031e-01,-1.301486883312463760e-02,-5.926199257373809814e-02,1.186438254080712795e-03
4.693022742867469788e-02,-6.349242478609085083e-02,8.990565687417984009e-02,8.785275816917419434e-01,-1.343431603163480759e-02,-6.222209706902503967e-02,1.318264752626419067e-03
4.045874625444412231e-02,-6.374409049749374390e-02,9.208678454160690308e-02,8.782399892807006836e-01,-1.362606417387723923e-02,-6.475076824426651001e-02,1.450091251172125340e-03
3.419099375605583191e-02,-6.386393308639526367e-02,9.248226881027221680e-02,8.780242800712585449e-01,-1.378185860812664032e-02,-6.658435612916946411e-02,1.689775730483233929e-03
2.752776630222797394e-02,-6.394782662391662598e-02,9.232646971940994263e-02,8.779762983322143555e-01,-1.376987434923648834e-02,-6.947255134582519531e-02,1.785649568773806095e-03
2.254232764244079590e-02,-6.395980715751647949e-02,9.207480400800704956e-02,8.778924345970153809e-01,-1.384177990257740021e-02,-7.133010774850845337e-02,1.689775730483233929e-03
1.726926863193511963e-02,-6.397179514169692993e-02,9.183511883020401001e-02,8.775209188461303711e-01,-1.385376416146755219e-02,-7.357116043567657471e-02,1.521996571682393551e-03
1.277518365532159805e-02,-6.392385810613632202e-02,9.176321327686309814e-02,8.770895004272460938e-01,-1.384177990257740021e-02,-7.504522055387496948e-02,1.306280493736267090e-03
8.532768115401268005e-03,-6.389988958835601807e-02,9.007343649864196777e-02,8.765981197357177734e-01,-1.380582712590694427e-02,-7.764579355716705322e-02,1.366201671771705151e-03
4.805674310773611069e-03,-6.388790160417556763e-02,8.879112452268600464e-02,8.758910894393920898e-01,-1.384177990257740021e-02,-8.033026009798049927e-02,1.126517192460596561e-03
2.025334164500236511e-03,-6.387592107057571411e-02,8.803611993789672852e-02,8.748364448547363281e-01,-1.381781138479709625e-02,-8.368584513664245605e-02,1.462075510062277317e-03
-4.793690095539204776e-05,-6.389988958835601807e-02,8.704143017530441284e-02,8.733264207839965820e-01,-1.385376416146755219e-02,-8.659800887107849121e-02,1.390170073136687279e-03
-2.193113323301076889e-03,-6.392385810613632202e-02,8.635832369327545166e-02,8.723197579383850098e-01,-1.385376416146755219e-02,-8.995359390974044800e-02,1.462075510062277317e-03
-3.739078296348452568e-03,-6.392385810613632202e-02,8.717325329780578613e-02,8.719722032546997070e-01,-1.392566971480846405e-02,-9.290171414613723755e-02,1.713744248263537884e-03
-4.901547916233539581e-03,-6.394782662391662598e-02,8.748484402894973755e-02,8.713250756263732910e-01,-1.404551230370998383e-02,-9.558618068695068359e-02,1.989381387829780579e-03
-5.620601586997509003e-03,-6.395980715751647949e-02,8.753278106451034546e-02,8.710494637489318848e-01,-1.410543266683816910e-02,-9.745571762323379517e-02,2.432797802612185478e-03
-6.052033975720405579e-03,-6.395980715751647949e-02,8.750881254673004150e-02,8.708577156066894531e-01,-1.404551230370998383e-02,-1.008832082152366638e-01,2.324939705431461334e-03
-6.076002027839422226e-03,-6.398377567529678345e-02,8.750881254673004150e-02,8.708577156066894531e-01,-1.410543266683816910e-02,-1.031482294201850891e-01,2.312955446541309357e-03
-6.195844616740942001e-03,-6.398377567529678345e-02,8.741293847560882568e-02,8.708696961402893066e-01,-1.402154378592967987e-02,-1.061322987079620361e-01,2.288986928761005402e-03
-6.195844616740942001e-03,-6.398377567529678345e-02,8.740095794200897217e-02,8.708577156066894531e-01,-1.410543266683816910e-02,-1.077981069684028625e-01,2.312955446541309357e-03
-6.447513122111558914e-03,-6.395980715751647949e-02,8.704143017530441284e-02,8.707498311996459961e-01,-1.404551230370998383e-02,-1.100151911377906799e-01,2.396845025941729546e-03
-6.555370986461639404e-03,-6.398377567529678345e-02,8.665793389081954956e-02,8.707498311996459961e-01,-1.410543266683816910e-02,-1.124479845166206360e-01,2.384860767051577568e-03
-6.962834857404232025e-03,-6.398377567529678345e-02,8.590292930603027344e-02,8.705820441246032715e-01,-1.404551230370998383e-02,-1.149526908993721008e-01,2.372876508161425591e-03
-7.322361692786216736e-03,-6.398377567529678345e-02,8.526775985956192017e-02,8.702824711799621582e-01,-1.409344933927059174e-02,-1.166184991598129272e-01,2.348908223211765289e-03
-7.873635739088058472e-03,-6.395980715751647949e-02,8.457268029451370239e-02,8.696712851524353027e-01,-1.400955952703952789e-02,-1.194467693567276001e-01,2.300971187651157379e-03
-8.245146833360195160e-03,-6.398377567529678345e-02,8.436894416809082031e-02,8.691799044609069824e-01,-1.409344933927059174e-02,-1.219514757394790649e-01,2.300971187651157379e-03
-8.964200504124164581e-03,-6.398377567529678345e-02,8.424910157918930054e-02,8.686765432357788086e-01,-1.402154378592967987e-02,-1.268410384654998779e-01,2.300971187651157379e-03
-9.731191210448741913e-03,-6.398377567529678345e-02,8.414124697446823120e-02,8.676578998565673828e-01,-1.404551230370998383e-02,-1.301726549863815308e-01,2.348908223211765289e-03
-1.084572356194257736e-02,-6.398377567529678345e-02,8.404537290334701538e-02,8.667470812797546387e-01,-1.405749656260013580e-02,-1.340315788984298706e-01,2.396845025941729546e-03
-1.259542070329189301e-02,-6.398377567529678345e-02,8.385362476110458374e-02,8.659800887107849121e-01,-1.406948082149028778e-02,-1.373272389173507690e-01,2.360892482101917267e-03
-1.444099098443984985e-02,-6.395980715751647949e-02,8.342219144105911255e-02,8.653090000152587891e-01,-1.400955952703952789e-02,-1.397360712289810181e-01,2.456766087561845779e-03
-1.662212051451206207e-02,-6.395980715751647949e-02,8.299075812101364136e-02,8.636072278022766113e-01,-1.400955952703952789e-02,-1.419771164655685425e-01,2.408829284831881523e-03
-1.825197413563728333e-02,-6.394782662391662598e-02,8.240353316068649292e-02,8.620612621307373047e-01,-1.399757526814937592e-02,-1.458360403776168823e-01,2.456766087561845779e-03
-2.012151479721069336e-02,-6.393583863973617554e-02,8.213987946510314941e-02,8.607190251350402832e-01,-1.396162249147891998e-02,-1.495032161474227905e-01,2.456766087561845779e-03
-2.243446931242942810e-02,-6.392385810613632202e-02,8.185225725173950195e-02,8.595445752143859863e-01,-1.393765397369861603e-02,-1.515764743089675903e-01,2.444782061502337456e-03
-2.525076270103454590e-02,-6.391187012195587158e-02,8.167249709367752075e-02,8.589932918548583984e-01,-1.394963823258876801e-02,-1.525352150201797485e-01,2.468750346451997757e-03
-2.803110331296920776e-02,-6.389988958835601807e-02,8.160059154033660889e-02,8.588495254516601562e-01,-1.392566971480846405e-02,-1.546444445848464966e-01,2.564624184742569923e-03
-3.052382171154022217e-02,-6.389988958835601807e-02,8.132494986057281494e-02,8.585858345031738281e-01,-1.394963823258876801e-02,-1.575685888528823853e-01,2.552639925852417946e-03
-3.244129940867424011e-02,-6.386393308639526367e-02,8.088153600692749023e-02,8.583581447601318359e-01,-1.392566971480846405e-02,-1.599414646625518799e-01,2.564624184742569923e-03
-3.443067893385887146e-02,-6.383996456861495972e-02,8.052200824022293091e-02,8.574353456497192383e-01,-1.394963823258876801e-02,-1.624941080808639526e-01,2.588592702522873878e-03
-3.579688072204589844e-02,-6.380401551723480225e-02,8.024637401103973389e-02,8.568601012229919434e-01,-1.396162249147891998e-02,-1.660294532775878906e-01,2.624545246362686157e-03
-3.716308251023292542e-02,-6.378004699945449829e-02,7.980295270681381226e-02,8.558174967765808105e-01,-1.398559100925922394e-02,-1.701040863990783691e-01,2.648513764142990112e-03
-3.777427971363067627e-02,-6.376805901527404785e-02,7.926366478204727173e-02,8.540078997611999512e-01,-1.398559100925922394e-02,-1.730881631374359131e-01,2.720419084653258324e-03
-3.857722133398056030e-02,-6.372012197971343994e-02,7.805325835943222046e-02,8.512035608291625977e-01,-1.397360675036907196e-02,-1.756408065557479858e-01,2.780340146273374557e-03
-3.947603702545166016e-02,-6.360028684139251709e-02,7.659118622541427612e-02,8.496216535568237305e-01,-1.396162249147891998e-02,-1.786848008632659912e-01,3.008040599524974823e-03
-4.097406566143035889e-02,-6.351639330387115479e-02,7.419434189796447754e-02,8.477880358695983887e-01,-1.390170119702816010e-02,-1.820883154869079590e-01,3.151851240545511246e-03
-4.287955909967422485e-02,-6.338457018136978149e-02,7.200122624635696411e-02,8.468292951583862305e-01,-1.386574842035770416e-02,-1.839338839054107666e-01,3.163835499435663223e-03
-4.534830898046493530e-02,-6.322877109050750732e-02,6.999985873699188232e-02,8.460023999214172363e-01,-1.385376416146755219e-02,-1.868580430746078491e-01,3.151851240545511246e-03
-4.755340516567230225e-02,-6.307297945022583008e-02,6.807039678096771240e-02,8.452593684196472168e-01,-1.379384286701679230e-02,-1.905252188444137573e-01,3.199788043275475502e-03
-4.981842264533042908e-02,-6.292916834354400635e-02,6.618887931108474731e-02,8.440968990325927734e-01,-1.376987434923648834e-02,-1.940725445747375488e-01,3.343598917126655579e-03
-5.190367996692657471e-02,-6.282130628824234009e-02,6.487061083316802979e-02,8.421554565429687500e-01,-1.370995398610830307e-02,-1.961577981710433960e-01,3.451456781476736069e-03
-5.431250855326652527e-02,-6.266551464796066284e-02,6.331266462802886963e-02,8.402619957923889160e-01,-1.375789102166891098e-02,-1.991059184074401855e-01,3.487409558147192001e-03
-5.679324269294738770e-02,-6.250971555709838867e-02,6.264154613018035889e-02,8.387998938560485840e-01,-1.373392250388860703e-02,-2.026292830705642700e-01,3.511378075927495956e-03
-5.843508243560791016e-02,-6.236590817570686340e-02,6.223408132791519165e-02,8.369542956352233887e-01,-1.368598546832799911e-02,-2.063683569431304932e-01,3.583283396437764168e-03
-6.024470180273056030e-02,-6.224606558680534363e-02,6.207828596234321594e-02,8.359715938568115234e-01,-1.370995398610830307e-02,-2.096400558948516846e-01,3.631220199167728424e-03
-6.162288784980773926e-02,-6.210225448012351990e-02,6.173074245452880859e-02,8.348451256752014160e-01,-1.370995398610830307e-02,-2.143378704786300659e-01,3.810983616858720779e-03
-6.268948316574096680e-02,-6.198241189122200012e-02,6.140717118978500366e-02,8.326519727706909180e-01,-1.370995398610830307e-02,-2.175496369600296021e-01,3.978762775659561157e-03
-6.375607848167419434e-02,-6.187455356121063232e-02,6.084391102194786072e-02,8.307105302810668945e-01,-1.369796972721815109e-02,-2.207254618406295776e-01,4.062652587890625000e-03
-6.502640247344970703e-02,-6.171875819563865662e-02,6.041247770190238953e-02,8.297877311706542969e-01,-1.367400120943784714e-02,-2.240450978279113770e-01,4.098604898899793625e-03
-6.615292280912399292e-02,-6.161090359091758728e-02,5.987318977713584900e-02,8.287331461906433105e-01,-1.367400120943784714e-02,-2.273167818784713745e-01,4.146541934460401535e-03
-6.707570701837539673e-02,-6.147907674312591553e-02,5.962152034044265747e-02,8.279421925544738770e-01,-1.367400120943784714e-02,-2.296776771545410156e-01,4.278368316590785980e-03
-6.822619587182998657e-02,-6.137121841311454773e-02,5.926199257373809814e-02,8.276185989379882812e-01,-1.367400120943784714e-02,-2.340758889913558960e-01,4.482100252062082291e-03
-6.916096061468124390e-02,-6.128732860088348389e-02,5.886651575565338135e-02,8.272351026535034180e-01,-1.369796972721815109e-02,-2.377430647611618042e-01,4.577973857522010803e-03
-7.035938650369644165e-02,-6.116748601198196411e-02,5.829127132892608643e-02,8.268995285034179688e-01,-1.363804843276739120e-02,-2.409308701753616333e-01,4.685832187533378601e-03
-7.170161604881286621e-02,-6.104764342308044434e-02,5.769206210970878601e-02,8.268396258354187012e-01,-1.362606417387723923e-02,-2.444062829017639160e-01,4.709800705313682556e-03
-7.299591600894927979e-02,-6.084391102194786072e-02,5.666141584515571594e-02,8.265400528907775879e-01,-1.357812713831663132e-02,-2.480974346399307251e-01,4.745753016322851181e-03
-7.424227893352508545e-02,-6.070009991526603699e-02,5.564275756478309631e-02,8.259528279304504395e-01,-1.357812713831663132e-02,-2.511893510818481445e-01,4.781705792993307114e-03
-7.520101219415664673e-02,-6.056827306747436523e-02,5.467203631997108459e-02,8.250899314880371094e-01,-1.345828454941511154e-02,-2.558392286300659180e-01,4.841627087444067001e-03
-7.577625662088394165e-02,-6.048438325524330139e-02,5.389305949211120605e-02,8.235080242156982422e-01,-1.353019010275602341e-02,-2.593386471271514893e-01,4.853611346334218979e-03
-7.631554454565048218e-02,-6.034057587385177612e-02,5.323392897844314575e-02,8.221777677536010742e-01,-1.342233270406723022e-02,-2.628140449523925781e-01,4.877579864114522934e-03
-7.702261209487915039e-02,-6.028065457940101624e-02,5.264670029282569885e-02,8.207756280899047852e-01,-1.354217436164617538e-02,-2.659778892993927002e-01,4.913532175123691559e-03
-7.822103798389434814e-02,-6.014882773160934448e-02,5.161605775356292725e-02,8.202483057975769043e-01,-1.339836418628692627e-02,-2.694772779941558838e-01,4.973453469574451447e-03
-7.926366478204727173e-02,-6.000501662492752075e-02,5.062136799097061157e-02,8.197209835052490234e-01,-1.345828454941511154e-02,-2.718980908393859863e-01,5.105279851704835892e-03
-8.085756748914718628e-02,-5.975334718823432922e-02,4.931508749723434448e-02,8.196970224380493164e-01,-1.345828454941511154e-02,-2.759008407592773438e-01,5.225121974945068359e-03
-8.269115537405014038e-02,-5.957358330488204956e-02,4.806872829794883728e-02,8.195412158966064453e-01,-1.342233270406723022e-02,-2.805507183074951172e-01,5.237106233835220337e-03
-8.420116454362869263e-02,-5.936985090374946594e-02,4.664260521531105042e-02,8.192656040191650391e-01,-1.342233270406723022e-02,-2.844935357570648193e-01,5.368933081626892090e-03
-8.651412278413772583e-02,-5.917810276150703430e-02,4.532434046268463135e-02,8.189780116081237793e-01,-1.339836418628692627e-02,-2.884123623371124268e-01,5.356948822736740112e-03
-8.846755325794219971e-02,-5.903429538011550903e-02,4.432965070009231567e-02,8.186184763908386230e-01,-1.336241140961647034e-02,-2.922353446483612061e-01,5.368933081626892090e-03
-9.079249203205108643e-02,-5.884254723787307739e-02,4.319114610552787781e-02,8.176717162132263184e-01,-1.336241140961647034e-02,-2.960343360900878906e-01,5.344964563846588135e-03
-9.305750578641891479e-02,-5.866278335452079773e-02,4.223240911960601807e-02,8.168927431106567383e-01,-1.337439566850662231e-02,-3.005164265632629395e-01,5.488775204867124557e-03
-9.480720758438110352e-02,-5.854294076561927795e-02,4.108192399144172668e-02,8.142921328544616699e-01,-1.338637992739677429e-02,-3.043154180049896240e-01,5.488775204867124557e-03
-9.552625566720962524e-02,-5.839912965893745422e-02,3.979961201548576355e-02,8.097860813140869141e-01,-1.335042715072631836e-02,-3.067122697830200195e-01,5.644570104777812958e-03
-9.648499637842178345e-02,-5.829127132892608643e-02,3.804991394281387329e-02,8.054237961769104004e-01,-1.338637992739677429e-02,-3.106910288333892822e-01,5.620601586997509003e-03
-9.709618985652923584e-02,-5.814746022224426270e-02,3.657585382461547852e-02,8.006780743598937988e-01,-1.326653733849525452e-02,-3.148855268955230713e-01,5.680522881448268890e-03
-9.861818701028823853e-02,-5.802761763334274292e-02,3.546132147312164307e-02,7.975861430168151855e-01,-1.330249011516571045e-02,-3.196073174476623535e-01,5.596633069217205048e-03
-1.000682786107063293e-01,-5.793174356222152710e-02,3.491004928946495056e-02,7.961240410804748535e-01,-1.317066326737403870e-02,-3.245687782764434814e-01,5.608617328107357025e-03
-1.015543267130851746e-01,-5.783586949110031128e-02,3.434678912162780762e-02,7.940388321876525879e-01,-1.326653733849525452e-02,-3.289190530776977539e-01,5.620601586997509003e-03
-1.028126701712608337e-01,-5.772801116108894348e-02,3.374757990241050720e-02,7.917498350143432617e-01,-1.313471049070358276e-02,-3.327539861202239990e-01,5.644570104777812958e-03
-1.040110886096954346e-01,-5.765610933303833008e-02,3.294463455677032471e-02,7.896046638488769531e-01,-1.323058456182479858e-02,-3.361215591430664062e-01,5.680522881448268890e-03
-1.050896719098091125e-01,-5.752428248524665833e-02,3.217764571309089661e-02,7.876032590866088867e-01,-1.317066326737403870e-02,-3.394052386283874512e-01,5.908222869038581848e-03
-1.065157949924468994e-01,-5.741642415523529053e-02,3.077549114823341370e-02,7.865846157073974609e-01,-1.324256882071495056e-02,-3.441749513149261475e-01,5.908222869038581848e-03
-1.077142134308815002e-01,-5.722467601299285889e-02,2.840261347591876984e-02,7.855899333953857422e-01,-1.318264752626419067e-02,-3.476264178752899170e-01,6.111954804509878159e-03
-1.092242300510406494e-01,-5.704491212964057922e-02,2.573013119399547577e-02,7.841038703918457031e-01,-1.320661604404449463e-02,-3.505385816097259521e-01,6.052033975720405579e-03
-1.105904281139373779e-01,-5.687713250517845154e-02,2.365685999393463135e-02,7.830732464790344238e-01,-1.299090031534433365e-02,-3.543615639209747314e-01,6.004096940159797668e-03
-1.118487715721130371e-01,-5.680522695183753967e-02,2.255431190133094788e-02,7.821504473686218262e-01,-1.311074197292327881e-02,-3.579208850860595703e-01,5.944175645709037781e-03
-1.134906113147735596e-01,-5.672133713960647583e-02,2.157160453498363495e-02,7.819347381591796875e-01,-1.301486883312463760e-02,-3.616479635238647461e-01,5.908222869038581848e-03
-1.147849112749099731e-01,-5.664943158626556396e-02,2.068477310240268707e-02,7.815392613410949707e-01,-1.307479012757539749e-02,-3.665375411510467529e-01,5.920207127928733826e-03
-1.155399158596992493e-01,-5.658951029181480408e-02,1.983389258384704590e-02,7.809520363807678223e-01,-1.301486883312463760e-02,-3.702046871185302734e-01,5.944175645709037781e-03
-1.162350028753280640e-01,-5.652958899736404419e-02,1.900698058307170868e-02,7.802449464797973633e-01,-1.307479012757539749e-02,-3.743872046470642090e-01,6.004096940159797668e-03
-1.168342083692550659e-01,-5.648165196180343628e-02,1.870737597346305847e-02,7.798374891281127930e-01,-1.303883735090494156e-02,-3.779225349426269531e-01,6.064017768949270248e-03
-1.173135787248611450e-01,-5.644569918513298035e-02,1.855158060789108276e-02,7.794659733772277832e-01,-1.305082160979509354e-02,-3.813500404357910156e-01,5.992112681269645691e-03
-1.176731064915657043e-01,-5.642173066735267639e-02,1.853959634900093079e-02,7.794420123100280762e-01,-1.303883735090494156e-02,-3.843820393085479736e-01,6.111954804509878159e-03
-1.178648546338081360e-01,-5.642173066735267639e-02,1.843173801898956299e-02,7.792862057685852051e-01,-1.306280586868524551e-02,-3.888401687145233154e-01,6.052033975720405579e-03
-1.179487481713294983e-01,-5.640974640846252441e-02,1.839578524231910706e-02,7.790105938911437988e-01,-1.305082160979509354e-02,-3.920879065990447998e-01,6.087986286729574203e-03
-1.181404888629913330e-01,-5.637379735708236694e-02,1.835983246564865112e-02,7.786630392074584961e-01,-1.303883735090494156e-02,-3.956471979618072510e-01,6.028065457940101624e-03
-1.182483509182929993e-01,-5.633784458041191101e-02,1.829991117119789124e-02,7.785432338714599609e-01,-1.301486883312463760e-02,-3.986312747001647949e-01,6.064017768949270248e-03
-1.183322370052337646e-01,-5.630189180374145508e-02,1.819205470383167267e-02,7.779679894447326660e-01,-1.305082160979509354e-02,-4.022145569324493408e-01,6.028065457940101624e-03
-1.183921620249748230e-01,-5.630189180374145508e-02,1.816808618605136871e-02,7.772369384765625000e-01,-1.305082160979509354e-02,-4.056540429592132568e-01,6.087986286729574203e-03
-1.183921620249748230e-01,-5.628990754485130310e-02,1.814411766827106476e-02,7.758947014808654785e-01,-1.303883735090494156e-02,-4.099803566932678223e-01,6.040049716830253601e-03
-1.184161305427551270e-01,-5.626593902707099915e-02,1.812014915049076080e-02,7.742528319358825684e-01,-1.307479012757539749e-02,-4.133958518505096436e-01,6.064017768949270248e-03
-1.184760481119155884e-01,-5.624197050929069519e-02,1.804824359714984894e-02,7.710770368576049805e-01,-1.303883735090494156e-02,-4.164518415927886963e-01,6.040049716830253601e-03
-1.185839101672172546e-01,-5.620601773262023926e-02,1.804824359714984894e-02,7.683686017990112305e-01,-1.307479012757539749e-02,-4.197235107421875000e-01,6.099970545619726181e-03
-1.186677962541580200e-01,-5.619403347373008728e-02,1.803625933825969696e-02,7.645695805549621582e-01,-1.307479012757539749e-02,-4.235704541206359863e-01,6.111954804509878159e-03
-1.190632805228233337e-01,-5.617006495594978333e-02,1.798832230269908905e-02,7.618851065635681152e-01,-1.307479012757539749e-02,-4.268541336059570312e-01,6.159891840070486069e-03
-1.199740767478942871e-01,-5.613411217927932739e-02,1.786847971379756927e-02,7.602912187576293945e-01,-1.305082160979509354e-02,-4.319594204425811768e-01,6.147907581180334091e-03
-1.210646405816078186e-01,-5.609815940260887146e-02,1.785649545490741730e-02,7.589250206947326660e-01,-1.309875864535570145e-02,-4.357943534851074219e-01,6.171876098960638046e-03
-1.221671923995018005e-01,-5.603823810815811157e-02,1.771268434822559357e-02,7.576906681060791016e-01,-1.309875864535570145e-02,-4.390420913696289062e-01,6.171876098960638046e-03
-1.230540275573730469e-01,-5.601426959037780762e-02,1.770070008933544159e-02,7.565162181854248047e-01,-1.307479012757539749e-02,-4.427212476730346680e-01,6.195844616740942001e-03
-1.236772015690803528e-01,-5.595434829592704773e-02,1.767673157155513763e-02,7.545987367630004883e-01,-1.303883735090494156e-02,-4.460288882255554199e-01,6.195844616740942001e-03
-1.244441941380500793e-01,-5.594236403703689575e-02,1.765276305377483368e-02,7.530647516250610352e-01,-1.305082160979509354e-02,-4.505828917026519775e-01,6.267749704420566559e-03
-1.253070533275604248e-01,-5.584648996591567993e-02,1.749696955084800720e-02,7.520940303802490234e-01,-1.302685309201478958e-02,-4.557600915431976318e-01,6.279733963310718536e-03
-1.261459589004516602e-01,-5.582252144813537598e-02,1.719736307859420776e-02,7.511233091354370117e-01,-1.309875864535570145e-02,-4.592115283012390137e-01,6.279733963310718536e-03
-1.270088255405426025e-01,-5.571466311812400818e-02,1.680188439786434174e-02,7.503443360328674316e-01,-1.301486883312463760e-02,-4.627828299999237061e-01,6.267749704420566559e-03
-1.275840550661087036e-01,-5.565474182367324829e-02,1.659815199673175812e-02,7.491459250450134277e-01,-1.305082160979509354e-02,-4.656949937343597412e-01,6.231796927750110626e-03
-1.281473189592361450e-01,-5.558283627033233643e-02,1.639441959559917450e-02,7.481272220611572266e-01,-1.297891605645418167e-02,-4.690266251564025879e-01,6.243781186640262604e-03
-1.287465244531631470e-01,-5.552291497588157654e-02,1.631052978336811066e-02,7.474561333656311035e-01,-1.303883735090494156e-02,-4.725619554519653320e-01,6.243781186640262604e-03
-1.292858272790908813e-01,-5.547497794032096863e-02,1.617870479822158813e-02,7.468569278717041016e-01,-1.295494753867387772e-02,-4.775474071502685547e-01,6.267749704420566559e-03
-1.297052651643753052e-01,-5.545100942254066467e-02,1.604687795042991638e-02,7.456585168838500977e-01,-1.306280586868524551e-02,-4.804835319519042969e-01,6.267749704420566559e-03
-1.302086114883422852e-01,-5.540307238698005676e-02,1.604687795042991638e-02,7.446877956390380859e-01,-1.299090031534433365e-02,-4.851813614368438721e-01,6.255765445530414581e-03
-1.307239234447479248e-01,-5.534315109252929688e-02,1.596298813819885254e-02,7.436571121215820312e-01,-1.307479012757539749e-02,-4.884530603885650635e-01,6.267749704420566559e-03
-1.312512308359146118e-01,-5.528322979807853699e-02,1.602290943264961243e-02,7.434653639793395996e-01,-1.297891605645418167e-02,-4.926595091819763184e-01,6.267749704420566559e-03
-1.316107660531997681e-01,-5.521132424473762512e-02,1.603489369153976440e-02,7.432256937026977539e-01,-1.303883735090494156e-02,-4.970936775207519531e-01,6.303702481091022491e-03
-1.318504512310028076e-01,-5.515140295028686523e-02,1.610679924488067627e-02,7.429860234260559082e-01,-1.300288457423448563e-02,-5.010964274406433105e-01,6.399576086550951004e-03
-1.320421993732452393e-01,-5.515140295028686523e-02,1.614275202155113220e-02,7.427822947502136230e-01,-1.301486883312463760e-02,-5.041643977165222168e-01,6.459497381001710892e-03
-1.321260780096054077e-01,-5.510346591472625732e-02,1.620267331600189209e-02,7.427942752838134766e-01,-1.299090031534433365e-02,-5.078675150871276855e-01,6.579339504241943359e-03
-1.321260780096054077e-01,-5.507949739694595337e-02,1.628656126558780670e-02,7.427822947502136230e-01,-1.305082160979509354e-02,-5.104081630706787109e-01,6.579339504241943359e-03
-1.321021169424057007e-01,-5.500759556889533997e-02,1.641838811337947845e-02,7.428541779518127441e-01,-1.295494753867387772e-02,-5.145426988601684570e-01,6.615292280912399292e-03
-1.320901364088058472e-01,-5.497164279222488403e-02,1.656219922006130219e-02,7.428781390190124512e-01,-1.301486883312463760e-02,-5.185095071792602539e-01,6.627276539802551270e-03
-1.320901364088058472e-01,-5.495965853333473206e-02,1.664608903229236603e-02,7.428541779518127441e-01,-1.299090031534433365e-02,-5.228597521781921387e-01,6.687197834253311157e-03
-1.321021169424057007e-01,-5.492370575666427612e-02,1.658616773784160614e-02,7.427942752838134766e-01,-1.305082160979509354e-02,-5.268625020980834961e-01,6.723150145262479782e-03
-1.321021169424057007e-01,-5.485180020332336426e-02,1.663410477340221405e-02,7.427942752838134766e-01,-1.299090031534433365e-02,-5.308532118797302246e-01,6.795055698603391647e-03
-1.321260780096054077e-01,-5.477989464998245239e-02,1.662212051451206207e-02,7.427822947502136230e-01,-1.306280586868524551e-02,-5.340530276298522949e-01,6.759102921932935715e-03
-1.321021169424057007e-01,-5.474394187331199646e-02,1.667005755007266998e-02,7.428182363510131836e-01,-1.301486883312463760e-02,-5.381636023521423340e-01,6.819024216383695602e-03
-1.321140974760055542e-01,-5.469600483775138855e-02,1.681386865675449371e-02,7.428182363510131836e-01,-1.303883735090494156e-02,-5.425738096237182617e-01,6.819024216383695602e-03
-1.321260780096054077e-01,-5.468402057886123657e-02,1.677791588008403778e-02,7.427583336830139160e-01,-1.303883735090494156e-02,-5.460612177848815918e-01,6.866961251944303513e-03
-1.321860104799270630e-01,-5.455219373106956482e-02,1.688577421009540558e-02,7.427822947502136230e-01,-1.301486883312463760e-02,-5.495965480804443359e-01,6.854976993054151535e-03
-1.321620345115661621e-01,-5.455219373106956482e-02,1.704156771302223206e-02,7.427583336830139160e-01,-1.306280586868524551e-02,-5.530000925064086914e-01,6.902913562953472137e-03
-1.321620345115661621e-01,-5.445631965994834900e-02,1.705355197191238403e-02,7.427463531494140625e-01,-1.306280586868524551e-02,-5.561399459838867188e-01,6.866961251944303513e-03
-1.321620345115661621e-01,-5.439639836549758911e-02,1.719736307859420776e-02,7.427822947502136230e-01,-1.307479012757539749e-02,-5.606340169906616211e-01,6.950850598514080048e-03
-1.321620345115661621e-01,-5.433647707104682922e-02,1.730522140860557556e-02,7.427822947502136230e-01,-1.306280586868524551e-02,-5.652359724044799805e-01,6.890929304063320160e-03
-1.321860104799270630e-01,-5.431250855326652527e-02,1.734117418527603149e-02,7.427463531494140625e-01,-1.305082160979509354e-02,-5.684956908226013184e-01,6.938866339623928070e-03
-1.322099715471267700e-01,-5.422861874103546143e-02,1.758085750043392181e-02,7.427822947502136230e-01,-1.306280586868524551e-02,-5.722587108612060547e-01,6.926882080733776093e-03
-1.321860104799270630e-01,-5.420465022325515747e-02,1.771268434822559357e-02,7.427463531494140625e-01,-1.301486883312463760e-02,-5.748113989830017090e-01,6.926882080733776093e-03
-1.321979910135269165e-01,-5.412076041102409363e-02,1.798832230269908905e-02,7.427583336830139160e-01,-1.307479012757539749e-02,-5.776996016502380371e-01,6.902913562953472137e-03
-1.321979910135269165e-01,-5.410877615213394165e-02,1.834784820675849915e-02,7.427583336830139160e-01,-1.303883735090494156e-02,-5.806956291198730469e-01,6.902913562953472137e-03
-1.321979910135269165e-01,-5.402488633990287781e-02,1.876729726791381836e-02,7.427942752838134766e-01,-1.307479012757539749e-02,-5.842669606208801270e-01,6.878945510834455490e-03
-1.322099715471267700e-01,-5.400091782212257385e-02,1.905491761863231659e-02,7.427822947502136230e-01,-1.309875864535570145e-02,-5.875746011734008789e-01,6.878945510834455490e-03
-1.323058456182479858e-01,-5.388107523322105408e-02,1.937849260866641998e-02,7.427583336830139160e-01,-1.320661604404449463e-02,-5.904987454414367676e-01,6.878945510834455490e-03
-1.323418021202087402e-01,-5.385710671544075012e-02,1.976198703050613403e-02,7.427822947502136230e-01,-1.319463178515434265e-02,-5.932431221008300781e-01,6.890929304063320160e-03
-1.323418021202087402e-01,-5.378520116209983826e-02,2.019342035055160522e-02,7.427822947502136230e-01,-1.336241140961647034e-02,-5.962511301040649414e-01,6.902913562953472137e-03
-1.323178261518478394e-01,-5.380916967988014221e-02,2.069675736129283905e-02,7.427822947502136230e-01,-1.343431603163480759e-02,-5.984802246093750000e-01,6.878945510834455490e-03
-1.323178261518478394e-01,-5.370131507515907288e-02,2.218280173838138580e-02,7.428182363510131836e-01,-1.354217436164617538e-02,-6.018238067626953125e-01,6.866961251944303513e-03
-1.322459280490875244e-01,-5.371329933404922485e-02,2.382463961839675903e-02,7.427942752838134766e-01,-1.350622158497571945e-02,-6.055389046669006348e-01,6.854976993054151535e-03
-1.322339475154876709e-01,-5.366536229848861694e-02,2.528671547770500183e-02,7.427942752838134766e-01,-1.366201695054769516e-02,-6.088705658912658691e-01,6.866961251944303513e-03
-1.322818845510482788e-01,-5.365337803959846497e-02,2.658101171255111694e-02,7.427942752838134766e-01,-1.379384286701679230e-02,-6.109917759895324707e-01,6.866961251944303513e-03
-1.323537826538085938e-01,-5.350956693291664124e-02,2.799515053629875183e-02,7.427822947502136230e-01,-1.400955952703952789e-02,-6.131129860877990723e-01,6.890929304063320160e-03
-1.323537826538085938e-01,-5.350956693291664124e-02,2.890595048666000366e-02,7.427822947502136230e-01,-1.412940118461847305e-02,-6.149345636367797852e-01,7.070692721754312515e-03
-1.323418021202087402e-01,-5.338972434401512146e-02,2.966095693409442902e-02,7.428062558174133301e-01,-1.420130673795938492e-02,-6.168400645256042480e-01,7.130614016205072403e-03
-1.323418021202087402e-01,-5.338972434401512146e-02,3.047588467597961426e-02,7.427942752838134766e-01,-1.416535396128892899e-02,-6.180504560470581055e-01,7.118629757314920425e-03
-1.323418021202087402e-01,-5.331781879067420959e-02,3.173422813415527344e-02,7.428182363510131836e-01,-1.420130673795938492e-02,-6.190931200981140137e-01,7.070692721754312515e-03
-1.323178261518478394e-01,-5.331781879067420959e-02,3.270494937896728516e-02,7.428182363510131836e-01,-1.416535396128892899e-02,-6.202555894851684570e-01,7.010771892964839935e-03
-1.322818845510482788e-01,-5.325789749622344971e-02,3.492203354835510254e-02,7.428302168846130371e-01,-1.418932247906923294e-02,-6.217655539512634277e-01,7.010771892964839935e-03
-1.321860104799270630e-01,-5.326988175511360168e-02,3.655188530683517456e-02,7.428781390190124512e-01,-1.416535396128892899e-02,-6.237909197807312012e-01,6.986803375184535980e-03
-1.321140974760055542e-01,-5.307813361287117004e-02,3.814578801393508911e-02,7.428901195526123047e-01,-1.416535396128892899e-02,-6.263195872306823730e-01,7.010771892964839935e-03
-1.321021169424057007e-01,-5.307813361287117004e-02,3.932024165987968445e-02,7.428901195526123047e-01,-1.423725951462984085e-02,-6.284048557281494141e-01,7.022756151854991913e-03
-1.320661604404449463e-01,-5.282646417617797852e-02,4.054263234138488770e-02,7.428901195526123047e-01,-1.426122803241014481e-02,-6.305979490280151367e-01,7.190535310655832291e-03
-1.320661604404449463e-01,-5.280249565839767456e-02,4.207661375403404236e-02,7.428781390190124512e-01,-1.422527525573968887e-02,-6.320120692253112793e-01,7.058708462864160538e-03
-1.320062428712844849e-01,-5.216733366250991821e-02,4.339487850666046143e-02,7.428781390190124512e-01,-1.421329099684953690e-02,-6.332345008850097656e-01,7.058708462864160538e-03
-1.318744122982025146e-01,-5.196360126137733459e-02,4.480901733040809631e-02,7.428781390190124512e-01,-1.422527525573968887e-02,-6.345767378807067871e-01,7.010771892964839935e-03
-1.315748095512390137e-01,-5.156812071800231934e-02,4.631903022527694702e-02,7.428901195526123047e-01,-1.422527525573968887e-02,-6.362784504890441895e-01,7.022756151854991913e-03
-1.311673521995544434e-01,-5.132843554019927979e-02,4.722983017563819885e-02,7.428781390190124512e-01,-1.428519655019044876e-02,-6.379682421684265137e-01,7.058708462864160538e-03
-1.306640058755874634e-01,-5.066930502653121948e-02,4.840428754687309265e-02,7.428781390190124512e-01,-1.428519655019044876e-02,-6.393703818321228027e-01,7.082676980644464493e-03
-1.302565485239028931e-01,-5.030977725982666016e-02,4.941096156835556030e-02,7.428781390190124512e-01,-1.433313358575105667e-02,-6.402093172073364258e-01,7.022756151854991913e-03
-1.296932846307754517e-01,-4.945889860391616821e-02,5.007009208202362061e-02,7.428901195526123047e-01,-1.438107062131166458e-02,-6.410481929779052734e-01,7.022756151854991913e-03
-1.291899532079696655e-01,-4.891960695385932922e-02,5.081311613321304321e-02,7.428901195526123047e-01,-1.439305488020181656e-02,-6.418631076812744141e-01,7.010771892964839935e-03
-1.284469217061996460e-01,-4.817658662796020508e-02,5.167597904801368713e-02,7.428901195526123047e-01,-1.442900672554969788e-02,-6.429057717323303223e-01,6.998787634074687958e-03
-1.275600939989089966e-01,-4.793690145015716553e-02,5.250288918614387512e-02,7.428901195526123047e-01,-1.445297524333000183e-02,-6.444157361984252930e-01,7.022756151854991913e-03
-1.263616681098937988e-01,-4.745753109455108643e-02,5.377321690320968628e-02,7.428901195526123047e-01,-1.448892802000045776e-02,-6.463092565536499023e-01,6.998787634074687958e-03
-1.249834820628166199e-01,-4.714594036340713501e-02,5.458814650774002075e-02,7.429261207580566406e-01,-1.448892802000045776e-02,-6.483466029167175293e-01,6.998787634074687958e-03
-1.231139451265335083e-01,-4.695419594645500183e-02,5.565474182367324829e-02,7.429740428924560547e-01,-1.447694376111030579e-02,-6.502760648727416992e-01,7.058708462864160538e-03
-1.212803572416305542e-01,-4.664260521531105042e-02,5.657752603292465210e-02,7.430219650268554688e-01,-1.457281783223152161e-02,-6.514025926589965820e-01,7.046724669635295868e-03
-1.193988397717475891e-01,-4.647482559084892273e-02,5.769206210970878601e-02,7.432736158370971680e-01,-1.457281783223152161e-02,-6.523133516311645508e-01,7.034740410745143890e-03
-1.174214407801628113e-01,-4.624712467193603516e-02,5.871072039008140564e-02,7.434533834457397461e-01,-1.458480209112167358e-02,-6.528286933898925781e-01,6.998787634074687958e-03
-1.150365769863128662e-01,-4.594751819968223572e-02,5.940580368041992188e-02,7.436451315879821777e-01,-1.458480209112167358e-02,-6.533080339431762695e-01,7.046724669635295868e-03
-1.127356067299842834e-01,-4.573180526494979858e-02,5.992112681269645691e-02,7.437649965286254883e-01,-1.464472338557243347e-02,-6.536196470260620117e-01,7.058708462864160538e-03
-1.107462272047996521e-01,-4.522846639156341553e-02,6.083192676305770874e-02,7.441604733467102051e-01,-1.464472338557243347e-02,-6.540271043777465820e-01,7.046724669635295868e-03
-1.087808161973953247e-01,-4.456933215260505676e-02,6.132328137755393982e-02,7.444600462913513184e-01,-1.459678635001182556e-02,-6.543147563934326172e-01,7.034740410745143890e-03
-1.072588190436363220e-01,-4.395813867449760437e-02,6.183860078454017639e-02,7.446637749671936035e-01,-1.456083357334136963e-02,-6.547222137451171875e-01,7.034740410745143890e-03
-1.058566644787788391e-01,-4.362257942557334900e-02,6.219812855124473572e-02,7.448315620422363281e-01,-1.457281783223152161e-02,-6.551296710968017578e-01,7.034740410745143890e-03
-1.045024469494819641e-01,-4.323908314108848572e-02,6.256964057683944702e-02,7.451311945915222168e-01,-1.460877060890197754e-02,-6.559326052665710449e-01,7.022756151854991913e-03
-1.033040210604667664e-01,-4.297543317079544067e-02,6.277336925268173218e-02,7.455626130104064941e-01,-1.462075486779212952e-02,-6.569632291793823242e-01,7.034740410745143890e-03
-1.024171859025955200e-01,-4.286757484078407288e-02,6.285726279020309448e-02,7.463895082473754883e-01,-1.464472338557243347e-02,-6.579939126968383789e-01,7.046724669635295868e-03
-1.015663072466850281e-01,-4.265185818076133728e-02,6.291718035936355591e-02,7.472044825553894043e-01,-1.460877060890197754e-02,-6.588687300682067871e-01,7.034740410745143890e-03
-1.010509878396987915e-01,-4.195677116513252258e-02,6.301305443048477173e-02,7.481152415275573730e-01,-1.463273912668228149e-02,-6.593361496925354004e-01,7.034740410745143890e-03
-1.006315425038337708e-01,-4.136954620480537415e-02,6.312091648578643799e-02,7.487144470214843750e-01,-1.460877060890197754e-02,-6.596357226371765137e-01,7.022756151854991913e-03
-1.005596369504928589e-01,-4.098604992032051086e-02,6.325273960828781128e-02,7.496132850646972656e-01,-1.459678635001182556e-02,-6.600431799888610840e-01,7.046724669635295868e-03
-1.005596369504928589e-01,-4.072239622473716736e-02,6.324075907468795776e-02,7.505959868431091309e-01,-1.464472338557243347e-02,-6.602349281311035156e-01,7.046724669635295868e-03
-1.005716174840927124e-01,-4.044676199555397034e-02,6.322877109050750732e-02,7.512791156768798828e-01,-1.466869190335273743e-02,-6.604146957397460938e-01,7.034740410745143890e-03
-1.005716174840927124e-01,-4.036287218332290649e-02,6.322877109050750732e-02,7.519861459732055664e-01,-1.465670764446258545e-02,-6.607143282890319824e-01,7.046724669635295868e-03
-1.005836054682731628e-01,-4.030295088887214661e-02,6.319282203912734985e-02,7.525853514671325684e-01,-1.464472338557243347e-02,-6.609899401664733887e-01,7.034740410745143890e-03
-1.005836054682731628e-01,-4.035088792443275452e-02,6.315686553716659546e-02,7.529448866844177246e-01,-1.466869190335273743e-02,-6.612056493759155273e-01,7.046724669635295868e-03
-1.006195545196533203e-01,-4.036287218332290649e-02,6.313289701938629150e-02,7.532445192337036133e-01,-1.464472338557243347e-02,-6.615052819252014160e-01,7.034740410745143890e-03
-1.006195545196533203e-01,-4.043477773666381836e-02,6.309694796800613403e-02,7.534722089767456055e-01,-1.463273912668228149e-02,-6.619247198104858398e-01,7.022756151854991913e-03
-1.006075739860534668e-01,-4.039882495999336243e-02,6.306099146604537964e-02,7.535321116447448730e-01,-1.462075486779212952e-02,-6.622602939605712891e-01,7.034740410745143890e-03
-1.006315425038337708e-01,-4.044676199555397034e-02,6.307297945022583008e-02,7.538077831268310547e-01,-1.462075486779212952e-02,-6.627276539802551270e-01,6.998787634074687958e-03
-1.006075739860534668e-01,-4.045874625444412231e-02,6.307297945022583008e-02,7.540953755378723145e-01,-1.464472338557243347e-02,-6.630632281303405762e-01,7.022756151854991913e-03
-1.006195545196533203e-01,-4.044676199555397034e-02,6.307297945022583008e-02,7.544668912887573242e-01,-1.465670764446258545e-02,-6.636264920234680176e-01,7.010771892964839935e-03
-1.006195545196533203e-01,-4.043477773666381836e-02,6.307297945022583008e-02,7.547785043716430664e-01,-1.465670764446258545e-02,-6.641537547111511230e-01,7.022756151854991913e-03
-1.006075739860534668e-01,-4.044676199555397034e-02,6.312091648578643799e-02,7.551979422569274902e-01,-1.469266042113304138e-02,-6.651364564895629883e-01,7.022756151854991913e-03
-1.006315425038337708e-01,-4.042279347777366638e-02,6.312091648578643799e-02,7.557492256164550781e-01,-1.464472338557243347e-02,-6.666584610939025879e-01,7.022756151854991913e-03
-1.006075739860534668e-01,-4.039882495999336243e-02,6.313289701938629150e-02,7.564922571182250977e-01,-1.466869190335273743e-02,-6.685519814491271973e-01,7.022756151854991913e-03
-1.006794795393943787e-01,-4.036287218332290649e-02,6.314488500356674194e-02,7.574749588966369629e-01,-1.464472338557243347e-02,-6.705893278121948242e-01,7.010771892964839935e-03
-1.007274165749549866e-01,-4.033890366554260254e-02,6.315686553716659546e-02,7.590448856353759766e-01,-1.464472338557243347e-02,-6.729262471199035645e-01,7.034740410745143890e-03
-1.007393971085548401e-01,-4.032691940665245056e-02,6.313289701938629150e-02,7.605429291725158691e-01,-1.464472338557243347e-02,-6.741965413093566895e-01,7.022756151854991913e-03
-1.007274165749549866e-01,-4.032691940665245056e-02,6.314488500356674194e-02,7.620409131050109863e-01,-1.464472338557243347e-02,-6.750594377517700195e-01,7.010771892964839935e-03
-1.006794795393943787e-01,-4.032691940665245056e-02,6.315686553716659546e-02,7.633591890335083008e-01,-1.465670764446258545e-02,-6.754309535026550293e-01,7.010771892964839935e-03
-1.006075739860534668e-01,-4.031493514776229858e-02,6.314488500356674194e-02,7.645096778869628906e-01,-1.465670764446258545e-02,-6.757425069808959961e-01,7.022756151854991913e-03
-1.005955860018730164e-01,-4.035088792443275452e-02,6.315686553716659546e-02,7.652407288551330566e-01,-1.465670764446258545e-02,-6.761020421981811523e-01,7.022756151854991913e-03
-1.005836054682731628e-01,-4.038684070110321045e-02,6.314488500356674194e-02,7.659118175506591797e-01,-1.464472338557243347e-02,-6.765334606170654297e-01,7.022756151854991913e-03
-1.005716174840927124e-01,-4.037485644221305847e-02,6.315686553716659546e-02,7.663912177085876465e-01,-1.463273912668228149e-02,-6.771926283836364746e-01,7.010771892964839935e-03
-1.005716174840927124e-01,-4.043477773666381836e-02,6.310892850160598755e-02,7.666788101196289062e-01,-1.464472338557243347e-02,-6.780434846878051758e-01,7.010771892964839935e-03
-1.005716174840927124e-01,-4.043477773666381836e-02,6.313289701938629150e-02,7.668585777282714844e-01,-1.463273912668228149e-02,-6.793377995491027832e-01,7.010771892964839935e-03
-1.005955860018730164e-01,-4.044676199555397034e-02,6.313289701938629150e-02,7.669904232025146484e-01,-1.463273912668228149e-02,-6.807998418807983398e-01,7.010771892964839935e-03
-1.005955860018730164e-01,-4.049469530582427979e-02,6.310892850160598755e-02,7.670143842697143555e-01,-1.464472338557243347e-02,-6.817705631256103516e-01,6.998787634074687958e-03
-1.006075739860534668e-01,-4.050667956471443176e-02,6.313289701938629150e-02,7.670503258705139160e-01,-1.469266042113304138e-02,-6.823098659515380859e-01,7.010771892964839935e-03
-1.006195545196533203e-01,-4.049469530582427979e-02,6.313289701938629150e-02,7.670742869377136230e-01,-1.466869190335273743e-02,-6.826813817024230957e-01,7.010771892964839935e-03
-1.006075739860534668e-01,-4.045874625444412231e-02,6.313289701938629150e-02,7.671582102775573730e-01,-1.465670764446258545e-02,-6.829090714454650879e-01,7.010771892964839935e-03
-1.006195545196533203e-01,-4.044676199555397034e-02,6.313289701938629150e-02,7.672780156135559082e-01,-1.464472338557243347e-02,-6.831247806549072266e-01,7.022756151854991913e-03
-1.005955860018730164e-01,-4.041080921888351440e-02,6.313289701938629150e-02,7.675057649612426758e-01,-1.464472338557243347e-02,-6.833645105361938477e-01,6.998787634074687958e-03
-1.005955860018730164e-01,-4.037485644221305847e-02,6.313289701938629150e-02,7.676734924316406250e-01,-1.463273912668228149e-02,-6.836041808128356934e-01,7.010771892964839935e-03
-1.006075739860534668e-01,-4.039882495999336243e-02,6.312091648578643799e-02,7.679252028465270996e-01,-1.465670764446258545e-02,-6.838797926902770996e-01,7.022756151854991913e-03
-1.006195545196533203e-01,-4.038684070110321045e-02,6.313289701938629150e-02,7.682847380638122559e-01,-1.463273912668228149e-02,-6.841674447059631348e-01,7.010771892964839935e-03
-1.006674915552139282e-01,-4.042279347777366638e-02,6.313289701938629150e-02,7.690157294273376465e-01,-1.469266042113304138e-02,-6.847187280654907227e-01,7.010771892964839935e-03
-1.007274165749549866e-01,-4.041080921888351440e-02,6.312091648578643799e-02,7.698066830635070801e-01,-1.469266042113304138e-02,-6.851621270179748535e-01,7.010771892964839935e-03
-1.006914600729942322e-01,-4.042279347777366638e-02,6.313289701938629150e-02,7.709332108497619629e-01,-1.465670764446258545e-02,-6.855815649032592773e-01,7.022756151854991913e-03
-1.007034480571746826e-01,-4.039882495999336243e-02,6.313289701938629150e-02,7.721915841102600098e-01,-1.469266042113304138e-02,-6.860129833221435547e-01,7.010771892964839935e-03
-1.006914600729942322e-01,-4.037485644221305847e-02,6.315686553716659546e-02,7.734858393669128418e-01,-1.470464468002319336e-02,-6.864684224128723145e-01,7.010771892964839935e-03
-1.006794795393943787e-01,-4.035088792443275452e-02,6.314488500356674194e-02,7.745884060859680176e-01,-1.468067616224288940e-02,-6.868878602981567383e-01,7.010771892964839935e-03
-1.006794795393943787e-01,-4.035088792443275452e-02,6.315686553716659546e-02,7.759066820144653320e-01,-1.470464468002319336e-02,-6.878705620765686035e-01,7.046724669635295868e-03
-1.006674915552139282e-01,-4.030295088887214661e-02,6.315686553716659546e-02,7.769852876663208008e-01,-1.470464468002319336e-02,-6.888412833213806152e-01,6.998787634074687958e-03
-1.006794795393943787e-01,-4.030295088887214661e-02,6.315686553716659546e-02,7.781477570533752441e-01,-1.470464468002319336e-02,-6.898239850997924805e-01,7.022756151854991913e-03
-1.007393971085548401e-01,-4.035088792443275452e-02,6.314488500356674194e-02,7.798854708671569824e-01,-1.474059745669364929e-02,-6.912980675697326660e-01,7.022756151854991913e-03
-1.007513850927352905e-01,-4.033890366554260254e-02,6.313289701938629150e-02,7.814074158668518066e-01,-1.466869190335273743e-02,-6.923406720161437988e-01,7.010771892964839935e-03
-1.006555110216140747e-01,-4.037485644221305847e-02,6.310892850160598755e-02,7.823541760444641113e-01,-1.466869190335273743e-02,-6.931555867195129395e-01,6.998787634074687958e-03
-1.006315425038337708e-01,-4.042279347777366638e-02,6.309694796800613403e-02,7.832290530204772949e-01,-1.469266042113304138e-02,-6.938626766204833984e-01,6.998787634074687958e-03
-1.006315425038337708e-01,-4.044676199555397034e-02,6.309694796800613403e-02,7.836125493049621582e-01,-1.468067616224288940e-02,-6.942701339721679688e-01,6.998787634074687958e-03
-1.006435230374336243e-01,-4.047072678804397583e-02,6.309694796800613403e-02,7.838042974472045898e-01,-1.469266042113304138e-02,-6.946536302566528320e-01,7.010771892964839935e-03
-1.006435230374336243e-01,-4.042279347777366638e-02,6.309694796800613403e-02,7.839001417160034180e-01,-1.472861319780349731e-02,-6.952168941497802734e-01,6.998787634074687958e-03
-1.006555110216140747e-01,-4.042279347777366638e-02,6.309694796800613403e-02,7.840918898582458496e-01,-1.472861319780349731e-02,-6.957921385765075684e-01,7.010771892964839935e-03
-1.006555110216140747e-01,-4.044676199555397034e-02,6.309694796800613403e-02,7.841158509254455566e-01,-1.470464468002319336e-02,-6.962355375289916992e-01,6.998787634074687958e-03
-1.006555110216140747e-01,-4.044676199555397034e-02,6.309694796800613403e-02,7.841758131980895996e-01,-1.466869190335273743e-02,-6.965471506118774414e-01,6.998787634074687958e-03
-1.006555110216140747e-01,-4.044676199555397034e-02,6.309694796800613403e-02,7.843315601348876953e-01,-1.476456504315137863e-02,-6.969785690307617188e-01,6.998787634074687958e-03
-1.006794795393943787e-01,-4.044676199555397034e-02,6.310892850160598755e-02,7.845712900161743164e-01,-1.475258171558380127e-02,-6.975298523902893066e-01,6.998787634074687958e-03
-1.006674915552139282e-01,-4.043477773666381836e-02,6.312091648578643799e-02,7.848229408264160156e-01,-1.474059745669364929e-02,-6.981290578842163086e-01,7.010771892964839935e-03
-1.006674915552139282e-01,-4.044676199555397034e-02,6.310892850160598755e-02,7.852663397789001465e-01,-1.474059745669364929e-02,-6.986443996429443359e-01,7.010771892964839935e-03
-1.006794795393943787e-01,-4.039882495999336243e-02,6.312091648578643799e-02,7.858415842056274414e-01,-1.472861319780349731e-02,-6.992675662040710449e-01,7.010771892964839935e-03
-1.006674915552139282e-01,-4.032691940665245056e-02,6.313289701938629150e-02,7.865247130393981934e-01,-1.472861319780349731e-02,-6.999506354331970215e-01,6.998787634074687958e-03
-1.006674915552139282e-01,-4.024302959442138672e-02,6.314488500356674194e-02,7.870640158653259277e-01,-1.481250207871198654e-02,-7.006697058677673340e-01,7.010771892964839935e-03
-1.006555110216140747e-01,-4.023104533553123474e-02,6.315686553716659546e-02,7.875193953514099121e-01,-1.476456504315137863e-02,-7.014606595039367676e-01,6.998787634074687958e-03
-1.006555110216140747e-01,-4.020707681775093079e-02,6.314488500356674194e-02,7.876752018928527832e-01,-1.476456504315137863e-02,-7.020718455314636230e-01,6.998787634074687958e-03
-1.006555110216140747e-01,-4.021906107664108276e-02,6.313289701938629150e-02,7.877111434936523438e-01,-1.478853356093168259e-02,-7.024673223495483398e-01,6.998787634074687958e-03
-1.006674915552139282e-01,-4.024302959442138672e-02,6.312091648578643799e-02,7.877351045608520508e-01,-1.482448633760213852e-02,-7.028627991676330566e-01,6.998787634074687958e-03
-1.006674915552139282e-01,-4.026699811220169067e-02,6.313289701938629150e-02,7.877590656280517578e-01,-1.481250207871198654e-02,-7.031863927841186523e-01,6.998787634074687958e-03
-1.006555110216140747e-01,-4.027898237109184265e-02,6.312091648578643799e-02,7.877590656280517578e-01,-1.480051781982183456e-02,-7.034260630607604980e-01,7.010771892964839935e-03
-1.006674915552139282e-01,-4.025501385331153870e-02,6.313289701938629150e-02,7.877710461616516113e-01,-1.481250207871198654e-02,-7.035099864006042480e-01,7.010771892964839935e-03
-1.006555110216140747e-01,-4.027898237109184265e-02,6.312091648578643799e-02,7.878190279006958008e-01,-1.482448633760213852e-02,-7.036058306694030762e-01,6.998787634074687958e-03
-1.006555110216140747e-01,-4.027898237109184265e-02,6.312091648578643799e-02,7.878190279006958008e-01,-1.481250207871198654e-02,-7.036538124084472656e-01,6.998787634074687958e-03
-1.006555110216140747e-01,-4.024302959442138672e-02,6.313289701938629150e-02,7.878789305686950684e-01,-1.487242337316274643e-02,-7.037496566772460938e-01,7.010771892964839935e-03
-1.006555110216140747e-01,-4.023104533553123474e-02,6.312091648578643799e-02,7.878909111022949219e-01,-1.486043911427259445e-02,-7.038335204124450684e-01,7.010771892964839935e-03
-1.006555110216140747e-01,-4.020707681775093079e-02,6.312091648578643799e-02,7.879388332366943359e-01,-1.488440763205289841e-02,-7.039773464202880859e-01,7.010771892964839935e-03
-1.006555110216140747e-01,-4.020707681775093079e-02,6.312091648578643799e-02,7.879508137702941895e-01,-1.488440763205289841e-02,-7.041690945625305176e-01,6.998787634074687958e-03
-1.006555110216140747e-01,-4.018310829997062683e-02,6.314488500356674194e-02,7.879627943038940430e-01,-1.490837614983320236e-02,-7.043249011039733887e-01,7.010771892964839935e-03
-1.006555110216140747e-01,-4.020707681775093079e-02,6.313289701938629150e-02,7.879627943038940430e-01,-1.488440763205289841e-02,-7.045286297798156738e-01,7.034740410745143890e-03
-1.006555110216140747e-01,-4.019509255886077881e-02,6.313289701938629150e-02,7.879867553710937500e-01,-1.490837614983320236e-02,-7.048282623291015625e-01,6.998787634074687958e-03
-1.006674915552139282e-01,-4.020707681775093079e-02,6.310892850160598755e-02,7.879987359046936035e-01,-1.490837614983320236e-02,-7.051278352737426758e-01,6.998787634074687958e-03
-1.006674915552139282e-01,-4.019509255886077881e-02,6.312091648578643799e-02,7.880467176437377930e-01,-1.488440763205289841e-02,-7.055352926254272461e-01,7.010771892964839935e-03
-1.006555110216140747e-01,-4.015913978219032288e-02,6.313289701938629150e-02,7.880586981773376465e-01,-1.488440763205289841e-02,-7.058349251747131348e-01,7.010771892964839935e-03
-1.006555110216140747e-01,-4.018310829997062683e-02,6.312091648578643799e-02,7.880706787109375000e-01,-1.488440763205289841e-02,-7.063622474670410156e-01,7.010771892964839935e-03
-1.006555110216140747e-01,-4.015913978219032288e-02,6.313289701938629150e-02,7.880946397781372070e-01,-1.488440763205289841e-02,-7.068535685539245605e-01,6.998787634074687958e-03
-1.006555110216140747e-01,-4.014715552330017090e-02,6.313289701938629150e-02,7.880946397781372070e-01,-1.487242337316274643e-02,-7.073449492454528809e-01,6.998787634074687958e-03
-1.006555110216140747e-01,-4.013517126441001892e-02,6.312091648578643799e-02,7.881425619125366211e-01,-1.490837614983320236e-02,-7.080639600753784180e-01,7.034740410745143890e-03
-1.006555110216140747e-01,-4.008723422884941101e-02,6.309694796800613403e-02,7.881665229797363281e-01,-1.492036040872335434e-02,-7.090706825256347656e-01,7.010771892964839935e-03
-1.006674915552139282e-01,-4.012318700551986694e-02,6.310892850160598755e-02,7.882024645805358887e-01,-1.494432892650365829e-02,-7.102930545806884766e-01,7.010771892964839935e-03
-1.006555110216140747e-01,-4.013517126441001892e-02,6.310892850160598755e-02,7.882264852523803711e-01,-1.492036040872335434e-02,-7.119948267936706543e-01,6.998787634074687958e-03
-1.006555110216140747e-01,-4.012318700551986694e-02,6.309694796800613403e-02,7.882384657859802246e-01,-1.490837614983320236e-02,-7.134329080581665039e-01,6.998787634074687958e-03
-1.006555110216140747e-01,-4.012318700551986694e-02,6.309694796800613403e-02,7.882744073867797852e-01,-1.488440763205289841e-02,-7.151706218719482422e-01,6.998787634074687958e-03
-1.006674915552139282e-01,-4.012318700551986694e-02,6.309694796800613403e-02,7.882504463195800781e-01,-1.488440763205289841e-02,-7.164529561996459961e-01,6.998787634074687958e-03
-1.006794795393943787e-01,-4.009921848773956299e-02,6.309694796800613403e-02,7.882384657859802246e-01,-1.490837614983320236e-02,-7.174236774444580078e-01,6.998787634074687958e-03
-1.006674915552139282e-01,-4.008723422884941101e-02,6.312091648578643799e-02,7.882384657859802246e-01,-1.494432892650365829e-02,-7.181307077407836914e-01,6.998787634074687958e-03
-1.006555110216140747e-01,-4.008723422884941101e-02,6.309694796800613403e-02,7.882504463195800781e-01,-1.490837614983320236e-02,-7.189216613769531250e-01,6.998787634074687958e-03
-1.006794795393943787e-01,-4.007524996995925903e-02,6.309694796800613403e-02,7.882744073867797852e-01,-1.492036040872335434e-02,-7.194969058036804199e-01,6.998787634074687958e-03
-1.006674915552139282e-01,-4.008723422884941101e-02,6.312091648578643799e-02,7.882744073867797852e-01,-1.494432892650365829e-02,-7.201560735702514648e-01,7.010771892964839935e-03
-1.006674915552139282e-01,-4.005128145217895508e-02,6.309694796800613403e-02,7.882744073867797852e-01,-1.490837614983320236e-02,-7.206593751907348633e-01,6.998787634074687958e-03
-1.006674915552139282e-01,-4.006326571106910706e-02,6.309694796800613403e-02,7.882983684539794922e-01,-1.492036040872335434e-02,-7.213544845581054688e-01,6.998787634074687958e-03
-1.006674915552139282e-01,-4.005128145217895508e-02,6.310892850160598755e-02,7.883343100547790527e-01,-1.494432892650365829e-02,-7.221693992614746094e-01,7.022756151854991913e-03
-1.006555110216140747e-01,-4.005128145217895508e-02,6.309694796800613403e-02,7.883223295211791992e-01,-1.494432892650365829e-02,-7.231521010398864746e-01,6.998787634074687958e-03
-1.006794795393943787e-01,-4.006326571106910706e-02,6.310892850160598755e-02,7.883343100547790527e-01,-1.492036040872335434e-02,-7.239910364151000977e-01,6.998787634074687958e-03
-1.006794795393943787e-01,-4.005128145217895508e-02,6.310892850160598755e-02,7.883343100547790527e-01,-1.494432892650365829e-02,-7.245182991027832031e-01,6.998787634074687958e-03
-1.006794795393943787e-01,-4.006326571106910706e-02,6.309694796800613403e-02,7.883343100547790527e-01,-1.490837614983320236e-02,-7.249017953872680664e-01,6.998787634074687958e-03
-1.006555110216140747e-01,-4.006326571106910706e-02,6.313289701938629150e-02,7.883343100547790527e-01,-1.494432892650365829e-02,-7.251175045967102051e-01,6.998787634074687958e-03
-1.006555110216140747e-01,-4.003929719328880310e-02,6.310892850160598755e-02,7.883223295211791992e-01,-1.492036040872335434e-02,-7.251894474029541016e-01,6.998787634074687958e-03
-1.006674915552139282e-01,-4.000334441661834717e-02,6.309694796800613403e-02,7.883462905883789062e-01,-1.492036040872335434e-02,-7.252733111381530762e-01,6.998787634074687958e-03
-1.006674915552139282e-01,-3.997937589883804321e-02,6.309694796800613403e-02,7.883343100547790527e-01,-1.492036040872335434e-02,-7.253092527389526367e-01,6.998787634074687958e-03
-1.006555110216140747e-01,-4.002731293439865112e-02,6.310892850160598755e-02,7.883343100547790527e-01,-1.492036040872335434e-02,-7.253332734107971191e-01,6.998787634074687958e-03
-1.006674915552139282e-01,-4.000334441661834717e-02,6.310892850160598755e-02,7.883343100547790527e-01,-1.494432892650365829e-02,-7.253811955451965332e-01,6.986803375184535980e-03
-1.006674915552139282e-01,-3.996739163994789124e-02,6.309694796800613403e-02,7.883462905883789062e-01,-1.496829744428396225e-02,-7.254530787467956543e-01,6.986803375184535980e-03
-1.006674915552139282e-01,-3.997937589883804321e-02,6.310892850160598755e-02,7.883343100547790527e-01,-1.495631318539381027e-02,-7.254890203475952148e-01,6.986803375184535980e-03
-1.006555110216140747e-01,-3.997937589883804321e-02,6.309694796800613403e-02,7.883462905883789062e-01,-1.498028170317411423e-02,-7.255370020866394043e-01,6.986803375184535980e-03
-1.006794795393943787e-01,-3.991945460438728333e-02,6.312091648578643799e-02,7.883702516555786133e-01,-1.498028170317411423e-02,-7.255969047546386719e-01,6.998787634074687958e-03
-1.006555110216140747e-01,-3.989548608660697937e-02,6.310892850160598755e-02,7.883462905883789062e-01,-1.495631318539381027e-02,-7.256208658218383789e-01,6.986803375184535980e-03
-1.006555110216140747e-01,-3.989548608660697937e-02,6.310892850160598755e-02,7.883702516555786133e-01,-1.498028170317411423e-02,-7.256448268890380859e-01,6.986803375184535980e-03
-1.006674915552139282e-01,-3.990747034549713135e-02,6.310892850160598755e-02,7.883582711219787598e-01,-1.498028170317411423e-02,-7.256927490234375000e-01,6.986803375184535980e-03
-1.006555110216140747e-01,-3.988350182771682739e-02,6.313289701938629150e-02,7.883702516555786133e-01,-1.496829744428396225e-02,-7.257287502288818359e-01,6.974819116294384003e-03
-1.006794795393943787e-01,-3.987151756882667542e-02,6.312091648578643799e-02,7.883462905883789062e-01,-1.492036040872335434e-02,-7.257766723632812500e-01,6.962834857404232025e-03
-1.006674915552139282e-01,-3.982358053326606750e-02,6.310892850160598755e-02,7.883582711219787598e-01,-1.494432892650365829e-02,-7.258126139640808105e-01,6.974819116294384003e-03
-1.006674915552139282e-01,-3.981159627437591553e-02,6.309694796800613403e-02,7.883582711219787598e-01,-1.496829744428396225e-02,-7.258725166320800781e-01,6.974819116294384003e-03
-1.006674915552139282e-01,-3.978762775659561157e-02,6.310892850160598755e-02,7.883702516555786133e-01,-1.496829744428396225e-02,-7.259324789047241211e-01,6.974819116294384003e-03
-1.006555110216140747e-01,-3.979961201548576355e-02,6.312091648578643799e-02,7.883582711219787598e-01,-1.498028170317411423e-02,-7.260043621063232422e-01,6.962834857404232025e-03
-1.006674915552139282e-01,-3.972770646214485168e-02,6.312091648578643799e-02,7.883582711219787598e-01,-1.495631318539381027e-02,-7.260283231735229492e-01,6.974819116294384003e-03
-1.006674915552139282e-01,-3.971572220325469971e-02,6.312091648578643799e-02,7.883702516555786133e-01,-1.496829744428396225e-02,-7.260882258415222168e-01,6.974819116294384003e-03
-1.006674915552139282e-01,-3.961984813213348389e-02,6.312091648578643799e-02,7.883702516555786133e-01,-1.498028170317411423e-02,-7.261601686477661133e-01,6.950850598514080048e-03
-1.006794795393943787e-01,-3.958389535546302795e-02,6.310892850160598755e-02,7.883702516555786133e-01,-1.500425022095441818e-02,-7.261961102485656738e-01,6.974819116294384003e-03
-1.006555110216140747e-01,-3.957191109657287598e-02,6.312091648578643799e-02,7.883822321891784668e-01,-1.500425022095441818e-02,-7.262560129165649414e-01,6.974819116294384003e-03
-1.006674915552139282e-01,-3.946405276656150818e-02,6.309694796800613403e-02,7.883822321891784668e-01,-1.500425022095441818e-02,-7.263159751892089844e-01,6.974819116294384003e-03
-1.006555110216140747e-01,-3.935619443655014038e-02,6.312091648578643799e-02,7.883702516555786133e-01,-1.500425022095441818e-02,-7.263519167900085449e-01,6.962834857404232025e-03
-1.006555110216140747e-01,-3.930825740098953247e-02,6.312091648578643799e-02,7.883942127227783203e-01,-1.500425022095441818e-02,-7.263878583908081055e-01,6.938866339623928070e-03
-1.006794795393943787e-01,-3.924833610653877258e-02,6.312091648578643799e-02,7.883822321891784668e-01,-1.498028170317411423e-02,-7.264717221260070801e-01,6.938866339623928070e-03
-1.006674915552139282e-01,-3.917643055319786072e-02,6.312091648578643799e-02,7.883822321891784668e-01,-1.500425022095441818e-02,-7.265197038650512695e-01,6.938866339623928070e-03
-1.006674915552139282e-01,-3.917643055319786072e-02,6.310892850160598755e-02,7.883822321891784668e-01,-1.500425022095441818e-02,-7.265915870666503906e-01,6.938866339623928070e-03
-1.006674915552139282e-01,-3.916444629430770874e-02,6.310892850160598755e-02,7.883702516555786133e-01,-1.500425022095441818e-02,-7.266514897346496582e-01,6.902913562953472137e-03
-1.006914600729942322e-01,-3.906857594847679138e-02,6.312091648578643799e-02,7.883702516555786133e-01,-1.498028170317411423e-02,-7.267114520072937012e-01,6.902913562953472137e-03
-1.006794795393943787e-01,-3.902063891291618347e-02,6.310892850160598755e-02,7.883942127227783203e-01,-1.500425022095441818e-02,-7.267473936080932617e-01,6.890929304063320160e-03
-1.007154285907745361e-01,-3.905659168958663940e-02,6.310892850160598755e-02,7.883822321891784668e-01,-1.500425022095441818e-02,-7.268552184104919434e-01,6.878945510834455490e-03
-1.007154285907745361e-01,-3.905659168958663940e-02,6.310892850160598755e-02,7.883702516555786133e-01,-1.498028170317411423e-02,-7.269032001495361328e-01,6.878945510834455490e-03
-1.007393971085548401e-01,-3.894873335957527161e-02,6.312091648578643799e-02,7.883822321891784668e-01,-1.500425022095441818e-02,-7.269870638847351074e-01,6.866961251944303513e-03
-1.007393971085548401e-01,-3.882889077067375183e-02,6.309694796800613403e-02,7.883822321891784668e-01,-1.498028170317411423e-02,-7.270709872245788574e-01,6.878945510834455490e-03
-1.007393971085548401e-01,-3.881690651178359985e-02,6.313289701938629150e-02,7.883942127227783203e-01,-1.496829744428396225e-02,-7.271788120269775391e-01,6.842992734163999557e-03
-1.007633656263351440e-01,-3.873301669955253601e-02,6.310892850160598755e-02,7.883822321891784668e-01,-1.498028170317411423e-02,-7.272506952285766602e-01,6.831008475273847580e-03
-1.007873341441154480e-01,-3.866111114621162415e-02,6.313289701938629150e-02,7.883702516555786133e-01,-1.500425022095441818e-02,-7.273346185684204102e-01,6.831008475273847580e-03
-1.008232906460762024e-01,-3.863714262843132019e-02,6.312091648578643799e-02,7.883942127227783203e-01,-1.500425022095441818e-02,-7.273825407028198242e-01,6.831008475273847580e-03
-1.008472517132759094e-01,-3.862515836954116821e-02,6.312091648578643799e-02,7.883822321891784668e-01,-1.498028170317411423e-02,-7.274544835090637207e-01,6.819024216383695602e-03
-1.008951887488365173e-01,-3.848134726285934448e-02,6.312091648578643799e-02,7.884062528610229492e-01,-1.498028170317411423e-02,-7.275143861770629883e-01,6.807039957493543625e-03
-1.009910628199577332e-01,-3.843341022729873657e-02,6.310892850160598755e-02,7.883702516555786133e-01,-1.498028170317411423e-02,-7.275862693786621094e-01,6.795055698603391647e-03
-1.010509878396987915e-01,-3.846936300396919250e-02,6.310892850160598755e-02,7.883822321891784668e-01,-1.498028170317411423e-02,-7.276222109794616699e-01,6.795055698603391647e-03
-1.011947989463806152e-01,-3.849333152174949646e-02,6.309694796800613403e-02,7.883942127227783203e-01,-1.500425022095441818e-02,-7.277061343193054199e-01,6.759102921932935715e-03
-1.012786850333213806e-01,-3.840944170951843262e-02,6.307297945022583008e-02,7.884062528610229492e-01,-1.498028170317411423e-02,-7.277420759201049805e-01,6.759102921932935715e-03
-1.013985276222229004e-01,-3.846936300396919250e-02,6.303702294826507568e-02,7.884062528610229492e-01,-1.498028170317411423e-02,-7.278139591217041016e-01,6.723150145262479782e-03
-1.015183702111244202e-01,-3.846936300396919250e-02,6.301305443048477173e-02,7.883822321891784668e-01,-1.502821873873472214e-02,-7.278739213943481445e-01,6.687197834253311157e-03
-1.016741693019866943e-01,-3.845737874507904053e-02,6.301305443048477173e-02,7.883942127227783203e-01,-1.500425022095441818e-02,-7.279338240623474121e-01,6.651245057582855225e-03
-1.018059924244880676e-01,-3.843341022729873657e-02,6.300107389688491821e-02,7.884062528610229492e-01,-1.500425022095441818e-02,-7.279577851295471191e-01,6.627276539802551270e-03
-1.019857600331306458e-01,-3.846936300396919250e-02,6.298908591270446777e-02,7.884182333946228027e-01,-1.498028170317411423e-02,-7.279937267303466797e-01,6.603308022022247314e-03
-1.021295711398124695e-01,-3.849333152174949646e-02,6.298908591270446777e-02,7.884062528610229492e-01,-1.500425022095441818e-02,-7.280297279357910156e-01,6.591323763132095337e-03
-1.023452803492546082e-01,-3.846936300396919250e-02,6.300107389688491821e-02,7.884062528610229492e-01,-1.500425022095441818e-02,-7.280776500701904297e-01,6.591323763132095337e-03
-1.024651229381561279e-01,-3.850531578063964844e-02,6.298908591270446777e-02,7.884182333946228027e-01,-1.498028170317411423e-02,-7.281375527381896973e-01,6.543387193232774734e-03
-1.026688590645790100e-01,-3.849333152174949646e-02,6.298908591270446777e-02,7.884182333946228027e-01,-1.498028170317411423e-02,-7.281974554061889648e-01,6.483465898782014847e-03
-1.028606072068214417e-01,-3.844539448618888855e-02,6.300107389688491821e-02,7.884302139282226562e-01,-1.498028170317411423e-02,-7.282334566116333008e-01,6.459497381001710892e-03
-1.031242609024047852e-01,-3.846936300396919250e-02,6.300107389688491821e-02,7.884302139282226562e-01,-1.500425022095441818e-02,-7.282933592796325684e-01,6.411560345441102982e-03
-1.033639460802078247e-01,-3.850531578063964844e-02,6.300107389688491821e-02,7.884062528610229492e-01,-1.500425022095441818e-02,-7.283053398132324219e-01,6.399576086550951004e-03
-1.036755293607711792e-01,-3.850531578063964844e-02,6.301305443048477173e-02,7.884302139282226562e-01,-1.500425022095441818e-02,-7.283293008804321289e-01,6.375608034431934357e-03
-1.039871200919151306e-01,-3.848134726285934448e-02,6.298908591270446777e-02,7.884421944618225098e-01,-1.500425022095441818e-02,-7.283532619476318359e-01,6.339655257761478424e-03
-1.044185534119606018e-01,-3.846936300396919250e-02,6.297710537910461426e-02,7.884182333946228027e-01,-1.498028170317411423e-02,-7.283892035484313965e-01,6.303702481091022491e-03
-1.047181636095046997e-01,-3.849333152174949646e-02,6.297710537910461426e-02,7.884302139282226562e-01,-1.500425022095441818e-02,-7.284131646156311035e-01,6.267749704420566559e-03
-1.052454635500907898e-01,-3.848134726285934448e-02,6.300107389688491821e-02,7.884421944618225098e-01,-1.498028170317411423e-02,-7.284252047538757324e-01,6.267749704420566559e-03
-1.057967394590377808e-01,-3.846936300396919250e-02,6.297710537910461426e-02,7.884541749954223633e-01,-1.500425022095441818e-02,-7.284611463546752930e-01,6.219812668859958649e-03
-1.064678579568862915e-01,-3.838547319173812866e-02,6.301305443048477173e-02,7.884781360626220703e-01,-1.498028170317411423e-02,-7.284731268882751465e-01,6.207828875631093979e-03
-1.072228625416755676e-01,-3.838547319173812866e-02,6.302504241466522217e-02,7.885500192642211914e-01,-1.500425022095441818e-02,-7.284611463546752930e-01,6.207828875631093979e-03
-1.083134263753890991e-01,-3.831356763839721680e-02,6.303702294826507568e-02,7.886339426040649414e-01,-1.501623447984457016e-02,-7.284851074218750000e-01,6.183860357850790024e-03
-1.093800216913223267e-01,-3.836150467395782471e-02,6.301305443048477173e-02,7.887178063392639160e-01,-1.502821873873472214e-02,-7.284731268882751465e-01,6.195844616740942001e-03
-1.108421012759208679e-01,-3.832555189728736877e-02,6.300107389688491821e-02,7.887178063392639160e-01,-1.500425022095441818e-02,-7.284731268882751465e-01,6.183860357850790024e-03
-1.123401299118995667e-01,-3.834952041506767273e-02,6.298908591270446777e-02,7.887297868728637695e-01,-1.500425022095441818e-02,-7.284731268882751465e-01,6.159891840070486069e-03
-1.139100641012191772e-01,-3.832555189728736877e-02,6.298908591270446777e-02,7.887178063392639160e-01,-1.501623447984457016e-02,-7.285210490226745605e-01,6.147907581180334091e-03
-1.156357899308204651e-01,-3.828959912061691284e-02,6.297710537910461426e-02,7.887058258056640625e-01,-1.502821873873472214e-02,-7.286528944969177246e-01,6.159891840070486069e-03
-1.170858815312385559e-01,-3.821769356727600098e-02,6.300107389688491821e-02,7.887058258056640625e-01,-1.501623447984457016e-02,-7.289165258407592773e-01,6.147907581180334091e-03
-1.185479536652565002e-01,-3.820570930838584900e-02,6.298908591270446777e-02,7.887058258056640625e-01,-1.502821873873472214e-02,-7.290723323822021484e-01,6.123939063400030136e-03
-1.198662221431732178e-01,-3.820570930838584900e-02,6.301305443048477173e-02,7.887058258056640625e-01,-1.502821873873472214e-02,-7.291561961174011230e-01,6.147907581180334091e-03
-1.210167035460472107e-01,-3.814578801393508911e-02,6.301305443048477173e-02,7.886938452720642090e-01,-1.501623447984457016e-02,-7.292041778564453125e-01,6.147907581180334091e-03
-1.224068775773048401e-01,-3.812181949615478516e-02,6.302504241466522217e-02,7.887058258056640625e-01,-1.502821873873472214e-02,-7.293000221252441406e-01,6.147907581180334091e-03
-1.236891895532608032e-01,-3.814578801393508911e-02,6.301305443048477173e-02,7.887058258056640625e-01,-1.500425022095441818e-02,-7.293479442596435547e-01,6.147907581180334091e-03
-1.250434070825576782e-01,-3.815777227282524109e-02,6.302504241466522217e-02,7.887178063392639160e-01,-1.501623447984457016e-02,-7.293719053268432617e-01,6.123939063400030136e-03
-1.264934986829757690e-01,-3.810983523726463318e-02,6.301305443048477173e-02,7.887178063392639160e-01,-1.502821873873472214e-02,-7.293839454650878906e-01,6.099970545619726181e-03
-1.278956532478332520e-01,-3.809785097837448120e-02,6.298908591270446777e-02,7.887417674064636230e-01,-1.502821873873472214e-02,-7.294438481330871582e-01,6.099970545619726181e-03
-1.297292411327362061e-01,-3.815777227282524109e-02,6.300107389688491821e-02,7.887297868728637695e-01,-1.498028170317411423e-02,-7.294917702674865723e-01,6.087986286729574203e-03
-1.312032938003540039e-01,-3.813380375504493713e-02,6.298908591270446777e-02,7.887178063392639160e-01,-1.501623447984457016e-02,-7.294917702674865723e-01,6.076002027839422226e-03
-1.331806927919387817e-01,-3.815777227282524109e-02,6.302504241466522217e-02,7.887058258056640625e-01,-1.500425022095441818e-02,-7.295636534690856934e-01,6.076002027839422226e-03
-1.347865760326385498e-01,-3.815777227282524109e-02,6.300107389688491821e-02,7.887058258056640625e-01,-1.500425022095441818e-02,-7.298513054847717285e-01,6.076002027839422226e-03
-1.362846046686172485e-01,-3.810983523726463318e-02,6.301305443048477173e-02,7.886698842048645020e-01,-1.500425022095441818e-02,-7.304744720458984375e-01,6.064017768949270248e-03
-1.374830305576324463e-01,-3.813380375504493713e-02,6.300107389688491821e-02,7.886698842048645020e-01,-1.501623447984457016e-02,-7.311456203460693359e-01,6.076002027839422226e-03
-1.386694759130477905e-01,-3.810983523726463318e-02,6.298908591270446777e-02,7.886818647384643555e-01,-1.500425022095441818e-02,-7.318167090415954590e-01,6.064017768949270248e-03
