0.000000000000000000e+00,0.000000000000000000e+00,0.000000000000000000e+00,0.000000000000000000e+00,0.000000000000000000e+00,0.000000000000000000e+00,0.000000000000000000e+00
1.982031990521327058e+00,-6.098561074496445800e-01,4.573918838862559011e-01,3.049281694312795943e-01,-6.098561537322274573e-01,2.134496445497630290e+01,6.098561074496445578e+00
3.505842069414830675e+00,0.000000000000000000e+00,1.371851679104477695e+00,-6.097118573797678520e-01,1.524279088190002351e+00,-1.097480751006870392e+01,-5.487404634195096165e+00
8.970555984802713878e-01,2.990185403910280426e-01,2.840675940825858614e+00,2.242639177743179779e+00,-1.495092701955140213e-01,-1.196074615420365195e+00,5.980370807820560852e-01
1.066767924394230072e+00,-6.095816512559510958e-01,-7.619771681588858314e-01,2.133535848788460143e+00,-6.095816628213897026e-01,-4.267071697576920286e+00,0.000000000000000000e+00
1.066869003908563318e+00,1.524098527441371531e-01,1.371688825062181705e+00,-2.743377279995262263e+00,9.144591280313573156e-01,9.754231315882979203e+00,0.000000000000000000e+00
-1.638585957758381229e+00,4.468870578065671784e-01,4.468870465016669957e-01,-1.489623729510094474e+00,5.958494217136565130e-01,-4.766797092054083862e+00,0.000000000000000000e+00
1.523918055720037801e+00,-3.047836065179417298e-01,7.619591203813358415e-01,-1.828701592846991852e+00,-4.571754213420772262e-01,6.095671482709616562e+00,0.000000000000000000e+00
-1.219249847510422535e+00,-7.620312240915766422e-01,-1.524063003363653468e-01,-4.877000130282357127e+00,3.048124850101264771e-01,1.828877084517718465e+00,0.000000000000000000e+00
1.505764619023379991e+00,1.505764801861733115e-01,-6.023059207446932461e-01,-1.957494470968194955e+00,-1.204611750070209819e+00,-1.204611914624728009e+01,0.000000000000000000e+00
7.421998467204227179e-01,4.453199012731000606e-01,1.632839716858158097e+00,-5.492278343023255793e+00,-8.906398250767119107e-01,-8.312635543558508644e+00,-2.375039473456533656e+00
-1.524387408153564660e-01,1.524387408153564660e-01,1.067071220413675414e+00,-9.146324957945363820e+00,7.621937156455090845e-01,1.707313656502475752e+01,1.829264889784277592e+00
-1.513628878864804683e+00,0.000000000000000000e+00,-1.816354604094619685e+00,-3.027266097348672025e-01,9.081772905602312207e-01,-1.816353777024960703e+00,6.054515193821017327e-01
1.781731858424151271e+00,5.939105931824475437e-01,8.908659010417868673e-01,-3.563462026630974222e+00,-1.633254153787961904e+00,6.533014677035977158e+00,0.000000000000000000e+00
-3.048485896652383342e+00,-6.096971816440027725e-01,6.096971932116331816e-01,2.743636137499704031e+00,1.371818681834267029e+00,-9.755152685318993377e+00,0.000000000000000000e+00
-7.011019744634481299e+00,-1.524134631542556906e-01,4.572403778959586718e-01,1.158342463400767564e+01,-9.144808136259593434e-01,-4.877232671625526983e+00,6.096538526170227623e-01
-2.576137742003862474e+00,-6.061502713895202676e-01,-1.060762954806073077e+00,8.940716413867821899e+00,6.061503058905270969e-01,1.212300979791794298e+00,1.818450779667553752e+00
-4.567439659252248152e-01,7.612378172326076387e-01,-1.522475669127869136e+00,-6.089903277330809495e+00,3.044951107171379734e-01,9.134855655466161295e+00,-3.653941467256270670e+00
1.524319457935511268e-01,-3.048630355418868176e-01,-1.067020566555710870e+00,1.524315015754933889e+00,-1.524315177709434088e-01,-4.268082636404558095e+00,2.438904284335094541e+00
1.219279284614473546e+00,-3.048197054882743062e-01,2.438557643906194450e+00,3.048205614118204565e-01,6.096394109765486125e-01,2.438555608196138813e+00,0.000000000000000000e+00
2.896336063923045767e+00,6.097549632614258641e-01,1.524387431291018169e+00,-5.182916933210131027e+00,-3.048774816307129321e-01,-3.658528206221716594e+00,-1.219509926522851728e+00
8.997104202111543270e-01,-1.499518011884715674e-01,-2.099325239398583065e+00,-2.399229729414780632e+00,-7.497590173223482868e-01,5.998059757149183380e-01,0.000000000000000000e+00
-1.183369591456685743e+00,1.479212326097514851e-01,-1.627133502577823299e+00,5.177243309729630205e+00,7.396061742746459222e-01,-7.691902703696891663e+00,5.916849304390059405e-01
0.000000000000000000e+00,-1.523954128139877739e-01,-2.133536033835476964e+00,-1.219162284753310121e+00,-2.743117546306165444e+00,1.280121509273076086e+01,-1.828744953767853287e+00
-3.049497742730525651e+00,4.574245989236497834e-01,-1.677223425243500765e+00,8.843541898713178639e+00,2.744547709256582202e+00,-1.219799393321800096e+00,1.219798930463066089e+00
2.242691655241326298e+00,1.495127331422977657e-01,3.139767736388352937e+00,-6.130022308460948643e+00,-2.093178490925568624e+00,1.255906949317965271e+01,-1.794152888480933239e+00
-1.523669690008762068e-01,6.094662108958722735e-01,9.141992238378289226e-01,0.000000000000000000e+00,2.133131645629573470e+00,-1.036092577024178851e+01,1.828398447675657845e+00
2.730892461328051191e+00,-7.585811906435696583e-01,4.551486821472363609e-01,1.668877334465195261e+00,-1.365446138552867339e+00,-4.248054612337294422e+00,-1.213729849763016455e+00
-1.054578289273421232e+00,1.506540249915119256e-01,3.163734867820263474e+00,4.368967616549980448e+00,2.561118676387945658e+00,-5.423542978902755607e+00,1.205232291398365518e+00
1.219105273442125936e+00,-1.219105550999502574e+00,-1.219105643518628268e+00,-8.838514897799672809e+00,-1.981046531939082422e+00,1.036239667464058201e+01,-1.219105550999502574e+00
-1.066640861832133469e+00,6.095094785585508657e-01,-4.571320886817923368e-01,5.028453160524819943e+00,2.438037960490479161e+00,-1.158067982663887818e+01,3.657056801966890980e+00
2.389316539979111198e+00,1.493322950816699524e-01,-2.986645901633399047e-01,-1.493323517465475314e+00,-4.031972046535917009e+00,7.765277938957874326e+00,-1.791987540980039428e+00
-1.524170945561793777e+00,7.620853802442375535e-01,1.524170737354310301e+00,1.204094932248359484e+01,4.267678018323739053e+00,-8.535356406794115003e+00,1.219336543615118673e+00
1.828614969684051017e+00,-1.523845962264933074e-01,-9.143075079712590369e-01,-1.828614969684051017e+00,-2.895307097011036834e+00,1.828617190090474187e+00,-1.828614969684051017e+00
1.371688825062181705e+00,-6.096394109765486125e-01,7.620492984202890119e-01,-4.572297317304275799e-01,1.219278856652700416e+00,5.486752339215918539e+00,3.048197101148880872e+00
6.097692715490689030e-01,0.000000000000000000e+00,-1.829308277407240668e+00,1.829308369959247393e+00,-1.219538855461160809e+00,-4.878154172392551224e+00,-3.048847098161398872e+00
2.841600745292887087e+00,-7.477896363609949359e-01,1.346021336369711774e+00,1.346021290969316553e+00,8.973475840633716727e-01,5.982316364481636839e+00,2.392926800034867352e+00
1.522331403869132127e-01,4.566994673732372445e-01,-1.065632052027138954e+00,1.065632040474014497e+00,1.522331519400376143e-01,1.217865234005300046e+01,-2.435730431040601829e+00
9.131180453098020067e-01,7.609316928752631881e-01,2.891540465264801352e+00,4.565590226549010033e-01,7.609317159744068970e-01,-1.826236044421316507e+01,-1.826236044421316596e+00
-1.348874604361270935e+00,-1.049124672060262276e+00,-2.397999276421533210e+00,-5.994998191053833025e-01,-2.248124355767662674e+00,4.196498870227585165e+00,1.798499411819515892e+00
-1.631070977420432833e+00,5.931167231539951068e-01,2.817304423728423046e+00,-2.965583615769975534e-01,5.931167681662096181e-01,-3.558701689290405756e+00,0.000000000000000000e+00
2.586066742430399579e+00,1.977580461638491549e+00,-3.498796169390590016e+00,-1.216972607762442316e+00,1.521215384501714285e-01,-1.277820959924340904e+01,6.084862923365645937e-01
-1.065682470271017701e+00,-2.283605354507299623e+00,3.349287951868700208e+00,6.089614710023188993e-01,9.134421487351225277e-01,1.887780393734324136e+01,-1.826884274362902794e+00
4.565266157166508743e-01,6.087021696872043641e-01,-2.739159879079943405e+00,-9.130532314333017485e-01,-7.608777121090054552e-01,6.087021050141911083e+00,1.826106509061613092e+00
3.044086719082667036e-01,-4.566130251888070313e-01,2.435269467673637500e+00,1.217634687633066815e+00,9.132260503776140625e-01,-1.156752992524602597e+01,1.826452100755228125e+00
0.000000000000000000e+00,1.058867554393984722e+00,-1.663934752932947791e+00,-9.076008035483378311e-01,-3.025335935295880851e-01,-5.445605280481497168e+00,-2.420268748236704681e+00
-1.480505760410913974e-01,-7.402528577340478089e-01,4.441517168875696031e-01,4.441517168875696031e-01,-7.402528914411615757e-01,1.184404770122877260e+01,1.776606867550278412e+00
-6.097838350387987383e-01,2.744027350228793960e+00,-1.067121751810360175e+00,9.146758219738478912e-01,1.524459761136121305e-01,-1.707394858429096018e+01,-2.439135386432294883e+00
6.098560843083530303e-01,-3.354208567831753474e+00,3.506672525270290386e+00,-1.677104249203939634e+00,-1.524640338047985821e+00,1.768582642180094666e+01,6.098561074496445800e-01
-7.450705498949092842e-01,2.533239810836787953e+00,-2.980281973403084983e+00,2.235211491361141167e+00,1.639155214292331575e+00,-1.728563529193783666e+01,0.000000000000000000e+00
1.331566649048853579e+00,-2.219277759642968029e+00,3.402892540083818140e+00,1.479518573797916625e-01,8.877110544530549818e-01,9.468915997884424840e+00,5.918073846063190979e-01
-3.048197054882743062e-01,1.066868946075891333e+00,-3.505426694080895356e+00,-1.066868957642425730e+00,-1.219278821953097225e+00,-7.315672746654032998e+00,-6.096394109765486125e-01
6.097983066622831849e-01,-1.067147013519897492e+00,0.000000000000000000e+00,6.097982950927340884e-01,1.067147048228544781e+00,9.756773647047673137e+00,0.000000000000000000e+00
-5.951191521418660590e-01,1.339018092319198772e+00,3.273155359362354133e+00,4.463393641063995720e-01,-4.463393641063995720e-01,-1.785356688634524236e+00,0.000000000000000000e+00
-1.981515851910639503e+00,-9.145457724660041032e-01,0.000000000000000000e+00,-1.829091544932008206e+00,6.096971700763722524e-01,1.646182422828172776e+01,0.000000000000000000e+00
3.048485954490535832e+00,1.981515782504856604e+00,1.981515851910639503e+00,1.829091544932008206e+00,-1.524242977245267916e+00,-1.036485305962900583e+01,-1.829091498661486348e+00
-1.066995380241648972e+00,-3.048558083836768517e+00,3.048555585169391291e-01,-7.621395325270966525e-01,3.048558361466477407e-01,0.000000000000000000e+00,1.219423205771736463e+00
-7.619048896632166779e-01,1.371428792142315833e+00,-4.571427302654951230e-01,1.523809756197747611e-01,-1.523809409267460890e-01,-1.036190583331359605e+01,6.095239024790990445e-01
3.013010406422684251e-01,-1.506505066015149330e+00,6.026022642127938367e-01,0.000000000000000000e+00,1.506504745890699659e-01,1.506504928818956657e+01,-1.807806060925353453e+00
-9.143942046342792285e-01,4.571970560542895967e+00,-2.285985465322847965e+00,7.619951242657160284e-01,4.571970791857146166e-01,-5.486362452034676984e+00,1.828788224217158476e+00
2.285119346231708981e+00,-3.046825656239640967e+00,3.199166770256191672e+00,-1.675754150240327700e+00,-4.570238738708741755e-01,5.484283989203011522e+00,-1.218730299492115421e+00
-1.200621737122705257e+00,1.800932639852697692e+00,-1.050544074082713220e+00,6.003108571718061004e-01,-1.800932685410883805e+00,-3.601863730727064894e+00,1.200621759901798313e+00
1.065833822970406519e+00,-2.283929595889488962e+00,2.892977476571374496e+00,6.090478922371971304e-01,3.045240616717152515e-01,6.090478275274517017e+00,6.090478922371971304e-01
-1.524026347502191125e+00,9.144158293200902454e-01,1.005857459672643728e+01,-4.572078973110654254e-01,6.096103909562498036e-01,-1.036337849681408052e+01,6.096105297480872709e-01
2.090167072746258459e+00,-1.194381179570570772e+00,-2.239465135166492704e+00,-2.985952750645376463e-01,1.343678868089395628e+00,2.985952546699153221e+00,-1.194381145579533676e+00
-2.892429967732585538e+00,1.370098367460338640e+00,3.805829133541548170e+00,3.044662923269508270e-01,-3.653595669667151657e+00,-2.435731355290554401e+00,0.000000000000000000e+00
1.523989878428632372e-01,-1.523990225400007059e+00,-9.905936893031407564e+00,6.095960785942903248e-01,3.657576564091442162e+00,1.950707636553129021e+01,2.438384360640011295e+00
-2.899235049511085238e-01,3.769005190320554810e+00,1.304655816285147818e+00,7.248087183726117377e-01,-3.769005410346352392e+00,-7.538010600666907202e+00,-1.159693931794115063e+00
1.728055386671450755e+00,-3.024096716298484644e+00,-1.584050952348978303e+00,-2.448078410718682374e+00,2.016064594104612695e+00,7.488239721121780157e+00,-1.152036873447257026e+00
-3.048341474708620713e-01,1.066919550849264375e+00,-1.066919550849264375e+00,1.371753721454291419e+00,1.524170806756804719e+00,-6.096685262833724250e-01,-6.096682949417241426e-01
-7.392832055936171542e-01,-1.330709832906038059e+00,-1.330709956336895372e+00,-1.478566456071182256e-01,1.182853164856945805e+00,5.322839107204412556e+00,-5.914265824284729023e-01
1.371396266045377121e+00,1.371396323865722078e+00,5.942718448039030044e+00,0.000000000000000000e+00,-1.066641555676274056e+00,-1.219018656451307248e+00,6.095094669944818300e-01
-2.286472708723258140e+00,-1.524315200845791196e+00,-4.572958373806534360e-01,0.000000000000000000e+00,1.676746683912198721e+00,4.877808938851903697e+00,6.097260710837736353e-01
1.811666265809418697e+00,3.019443852731891198e-01,1.192680444423586827e+01,0.000000000000000000e+00,-1.358749733729351039e+00,-1.086999759485651218e+01,6.038887705463782396e-01
0.000000000000000000e+00,-5.915625269365589745e-01,-6.063517124468451591e+00,7.394531586706987181e-01,-1.478906317341397436e-01,-1.183125502815768337e+00,-3.549375206513619041e+00
7.621756576063779542e-01,1.067045916021547969e+00,2.438962992797574003e+00,-9.146107752455103768e-01,-1.067045962295358752e+00,-4.877924504833207386e+00,6.707145638859931758e+00
-6.099139307672823973e-01,-1.524784821132334711e+00,-5.336746966537112336e+00,-4.574354509683974945e-01,1.067349416450907640e+00,3.049569271968906925e+00,-1.829741711299649243e+00
-1.523845846618765154e-01,4.876306801696983051e+00,6.095385699398417900e-01,-1.523845499680261395e-01,1.523845846618765154e-01,1.219077139879683580e+00,1.828614969684051017e+00
0.000000000000000000e+00,-3.049569642264669422e+00,1.219826820077732465e+00,7.623923758509396631e-01,-6.099139307672823973e-01,4.269397573229690046e+00,-6.709053064863968352e+00
0.000000000000000000e+00,7.911122662629918700e+00,2.089730651447661458e+00,-4.477994107456674810e-01,-4.477993994176874271e-01,2.388262980233852861e+00,2.985329450283036312e+00
1.676746776457627597e+00,-7.469144058435404965e+00,-3.048630031509867777e+00,-1.829178213251320795e+00,7.621576004228955981e-01,1.219452604894690761e+00,-6.097260710837736353e-01
1.524638995853080659e-01,3.049280398400473935e+00,1.372177132701421831e+00,1.829568322348933629e+00,-6.098561537322274573e-01,-7.928129443127962084e+00,-6.098561074496445800e-01
2.398055319371971805e+00,-3.597082615076407031e+00,-6.444773807305255175e+00,8.992706765179486750e-01,1.049149156727543719e+00,4.196596626910174876e+00,0.000000000000000000e+00
1.926785302925593246e+00,7.558928674268601711e+00,3.408927954388389914e+00,-7.410713932201681287e-01,0.000000000000000000e+00,0.000000000000000000e+00,1.185714247149274314e+00
-3.353254850516441010e+00,-3.353255220671846892e+00,-4.572620048801288917e+00,1.066944779846370706e+00,-1.371786218225859999e+00,9.145240837913389598e+00,-6.096827379507012701e-01
2.133485315016579786e+00,8.229157167811463225e+00,-1.523914909995262856e-01,-6.095672130358834595e-01,3.047836296482709373e-01,-1.219134148507816207e+00,6.095672130358834595e-01
1.829308184855233943e+00,-7.012347918542387148e+00,-1.829308925271288411e+00,7.622117745403497180e-01,1.524424104392740342e-01,1.219538543098137806e+00,-6.097694103770791019e-01
1.676746961548484904e+00,1.371883069961382651e+00,3.658357074320642610e+00,-7.621576004228955981e-01,2.438904284335094541e+00,-5.487534500935819182e+00,0.000000000000000000e+00
2.556568905873828346e+00,-6.466615500023373819e+00,-1.654250812238506008e+00,-1.955023388378561489e+00,-2.105409813404272690e+00,-4.210819718112333909e+00,1.203091308901900192e+00
3.509582888651725519e+00,2.746630610399620753e+00,3.204402347918890115e+00,2.441449328530771901e+00,0.000000000000000000e+00,-3.051811336416458964e+00,-1.220724664265385950e+00
7.620679750793575291e-01,-1.828961696652769309e+00,-5.029644341924480067e+00,-1.828961604118301887e+00,6.096538526170227623e-01,0.000000000000000000e+00,6.096538526170227623e-01
2.565142765009380987e+00,-4.526722634263602441e-01,6.488302503517823894e+00,7.544538487189258458e-01,-1.659798421376641686e+00,2.414251583020637693e+00,-6.035630331701453688e-01
4.114773319437206922e+00,-1.523990803685631723e-01,-5.943561543654365842e+00,9.143941352400042355e-01,1.676389328899995368e+00,8.534345539817140391e+00,0.000000000000000000e+00
3.047700251053953036e-01,6.095383849059732295e-01,6.857305581213585022e+00,3.047691855142165007e+00,-9.143074848420255085e-01,0.000000000000000000e+00,1.219076677295012123e+00
3.048985285754904906e-01,6.097983529404795711e-01,-5.945533154440337142e+00,-1.676945424308122545e+00,-3.048991764702397855e-01,4.268588285470571897e+00,1.219596567046369984e+00
2.439134877384196098e+00,2.286689595427082278e+00,-1.829351528254946180e+00,3.048918596730245123e-01,7.622298342909608060e-01,0.000000000000000000e+00,-3.048919244609643364e+00
1.043340398915838518e+00,-2.086680797831677037e+00,-1.937631755739337880e+00,-1.937632117705654800e+00,-2.980972697604651889e-01,5.961947205040887265e-01,1.192388988550281415e+00
-3.418377512127511952e+00,5.945003898128897735e-01,3.418377512127511952e+00,5.499129778817279046e+00,7.431256677350427386e-01,-1.783501891314391408e+00,-1.783501530376530475e+00
-1.981938059807591967e+00,2.439308637623809339e+00,-5.640901571607980891e+00,-1.981938430050708577e+00,-4.573703926946590115e-01,4.268790671206341258e+00,1.219654365092294190e+00
-1.219481496398787002e+00,2.134091878316906943e+00,6.097407481993935008e-01,-3.048700039092115399e-01,4.573053760543024926e-01,-1.829221596764831315e+00,6.097405168303402512e-01
-3.352302600416824596e+00,-3.199924435747442342e+00,-2.133283203865100397e+00,-4.266566407730200794e+00,4.571320886817923368e-01,-1.219019026501515723e+00,0.000000000000000000e+00
-1.524088001895060884e-01,6.096392721781357382e-01,1.371688454933080559e+00,4.419885926211062355e+00,-1.524098411776027562e-01,-3.657836373327016499e+00,0.000000000000000000e+00
-1.208713953597595259e+00,-3.777229637305091092e+00,-1.813070196552695856e+00,-9.065352817372722694e-01,-3.021783737363211708e-01,0.000000000000000000e+00,0.000000000000000000e+00
-2.438615595537025449e+00,-1.524135209882977182e-01,-2.743442325209794141e+00,7.925499945219595332e+00,6.096538526170227623e-01,-4.877231191074050898e+00,-1.828961511583834687e+00
-1.524203721690514657e-01,7.316192670330711856e+00,1.981468967743917675e+00,-2.895992993698474294e+00,-1.066944779846370706e+00,5.487145243058845878e+00,1.219365429631976694e+00
-6.883184610330713049e+00,-1.346709439973952316e+00,-2.992690066979859509e-01,4.489033646913809683e+00,4.489033283524815343e-01,-5.985380133959719018e-01,1.197075572555700296e+00
-3.048342631416862125e-01,-2.286256233269372107e+00,-1.524169464975244637e-01,-4.267678203397057501e+00,-4.572512096392106762e-01,7.925687880510743355e+00,0.000000000000000000e+00
-3.973669325146087505e+00,-1.528334926837379426e-01,-4.585003852617701714e-01,3.056669111359209268e+00,-6.113337851560644021e-01,-1.222667477522685120e+00,6.113337387613425600e-01
-2.134041225656850393e+00,-3.353493552915255194e+00,-1.219452142167547271e+00,-3.048631512236726904e-01,-3.048630586782439811e-01,-1.829178259524035122e+00,-2.438904284335094541e+00
6.095960901600028237e-01,-1.981187304585721787e+00,1.523990225400007059e-01,4.571968710028897487e-01,1.371591260688568958e+00,3.047980497062864114e+00,1.219192180320005647e+00
-5.490776785638089574e-01,-2.196310547575056615e-01,-3.294465821362584923e-01,-2.415941452320401250e+00,-2.196310547575056615e-01,-2.635572590417996519e+00,-8.785242190300226461e-01
9.141993163438084657e-01,-9.141992469643237529e-01,1.218932306159270063e+00,-3.047331239491320787e+00,4.570996234821618764e-01,1.218932236779785461e+00,1.828398493928647506e+00
1.523232426267785711e-01,1.066262779307186381e+00,-6.092929936270390368e-01,1.218586125973626366e+00,-4.569697625602227586e-01,-6.092930629868131831e-01,-6.092930167469636782e-01
5.859995385576528548e-01,-1.611498686561461113e+00,-8.789993078364793933e-01,-1.611498630971355706e+00,-2.929997692788264274e-01,1.757998660145043024e+00,1.757998571200874327e+00
1.624705625624124794e+00,7.385024735428479259e-01,1.477005081595349045e+00,-2.954010342536902201e+00,1.329304604821399893e+00,-4.726416422516701132e+00,-2.954010163190698091e+00
-2.102412182769903826e+00,1.501723002345719316e+00,-7.508614669826871868e-01,-1.501722637650546033e-01,-7.508615011728596578e-01,2.402756949631220440e+00,1.201378383641816816e+00
-1.523990306359994662e+00,-2.133586384954285098e+00,1.219192238148568252e+00,2.438384545691411276e+00,-9.143941121085792378e-01,0.000000000000000000e+00,1.219192180320005647e+00
1.981375101972982833e+00,1.219307797768512724e+00,-1.524134689376599017e+00,-1.676548360733405962e+00,9.144807557919173435e-01,0.000000000000000000e+00,-1.828961557851068287e+00
1.503442328616076684e-01,9.020654428087393484e-01,-4.510327328141430225e-01,3.758606072555204847e+00,-1.353098255491295809e+00,-5.412392656852436090e+00,1.202753954171047912e+00
1.524062540713236602e-01,-1.066843685969182332e+00,1.066843685969182332e+00,-2.286093394684479918e+00,2.133687464468447814e+00,6.096244611047944018e-01,-3.657749866386559745e+00
-1.066767878132475866e+00,-1.828744953767853287e+00,9.143725462765579515e-01,3.505094344371017634e+00,-1.828745000029607493e+00,-5.486235462706364530e+00,3.047908302541509684e+00
-1.219019026501515723e+00,2.438037867977927320e+00,-7.618868915634473549e-01,-1.371396081020272772e+00,1.066641601932550198e+00,-6.095082180750284184e-01,0.000000000000000000e+00
1.523918113545861042e+00,7.619590278600189004e-01,-6.095672130358834595e-01,3.657402815608716384e+00,-9.143507964234959262e-01,-7.314807851729038468e+00,1.828701592846991852e+00
-2.120826535809621660e+00,-4.544628529163330932e-01,1.514876138065961164e-01,5.453553959078922375e+00,-3.029752506062817763e-01,1.817852055471840256e+00,-6.059504092402052677e-01
4.571753982117479631e-01,0.000000000000000000e+00,-1.523918032589708649e-01,4.724145843202273376e+00,3.047836296482709373e-01,0.000000000000000000e+00,-1.828701639107650490e+00
1.371916128162907533e+00,3.048702584151701256e-01,4.573053760543024926e-01,-1.371915572877179690e+00,3.048702352782647895e-01,9.146107521086049630e+00,6.097405168303402512e-01
4.570022093119613382e-01,-4.570022208727448354e-01,-4.570022093119613382e-01,1.371006073018278260e+00,7.616703681212413368e-01,3.656018414385831861e+00,0.000000000000000000e+00
9.145674158967069811e-01,-3.048558130108386388e-01,7.621395440950011757e-01,-6.097115612414119923e+00,-1.524279065054193194e-01,4.267981150793651146e+00,-1.219423252043354555e+00
-9.057693717738151129e-01,1.509615657811766709e-01,-9.057694061436825095e-01,3.321154974190521081e+00,0.000000000000000000e+00,6.038463089511966198e-01,6.038462631247066836e-01
-1.371461319779972543e+00,-1.523845846618765154e-01,1.523845846618765154e-01,-8.685922031168585633e+00,6.095383386475060616e-01,-6.095383849059732295e-01,0.000000000000000000e+00
1.219423309882877282e+00,-1.524279146029525078e+00,9.145674158967069811e-01,3.048559286898839260e-01,-3.048558130108386388e-01,-2.438846689173181925e+00,-2.438846550358327203e+00
0.000000000000000000e+00,4.467319929351725172e-01,-1.489106040398546493e-01,-1.489106221214155035e+00,-4.467319138283437630e-01,-5.956424161594185973e-01,1.191285193950054389e+00
1.522151442805306509e-01,1.369936298524775831e+00,-3.044303116645769025e-01,-3.348733335896283414e+00,-1.826581742918125473e+00,-4.870884986633230440e+00,1.217721108037214117e+00
-6.111885564352379507e-01,1.527971391088094877e-01,-1.527971275128835460e-01,-1.833565808456825375e+00,7.639857071399733801e-01,-1.833565622922010085e+00,6.111885564352379507e-01
7.544360983084061889e-01,-3.017744393233625089e-01,7.544361326613470142e-01,-1.508872219518772928e+00,1.207097757293450035e+00,1.207098215332661040e+00,0.000000000000000000e+00
0.000000000000000000e+00,0.000000000000000000e+00,0.000000000000000000e+00,0.000000000000000000e+00,-6.089614247876342645e-01,6.089609164261038377e-01,0.000000000000000000e+00
1.522259483649683054e-01,0.000000000000000000e+00,-1.674485466672384515e+00,3.044518967299366108e-01,9.133556901898097768e-01,7.306846076042209148e+00,-6.089037934598732216e-01
-1.498295825437508666e-01,-8.989774725210749606e-01,4.494887476312526275e-01,-5.993183301750034664e-01,-1.048807089176971186e+00,1.198636569384285755e+00,0.000000000000000000e+00
-2.134142382983716946e+00,1.829264843509370575e+00,4.573162224460693981e-01,1.676826206812554787e+00,6.097549748301526185e-01,0.000000000000000000e+00,-6.097549632614258641e-01
1.218874599653082091e+00,-6.094372767011414505e-01,1.523593133939354360e-01,-1.523593827701342773e-01,0.000000000000000000e+00,2.437749199306164183e+00,1.218874599653082091e+00
-4.572403778959586718e-01,3.048269263085113812e-01,-1.524134515874472906e-01,0.000000000000000000e+00,-1.524134631542556906e-01,-3.657923023167669374e+00,6.096538526170227623e-01
-3.047403221652536520e-01,-1.371331357235471060e+00,-4.571104485573165843e-01,1.523702073367119714e-01,0.000000000000000000e+00,1.828441747975181109e+00,-1.218961196152844151e+00
1.934897881581382428e+00,1.637221263561811746e+00,-4.465148931428992718e-01,2.827927735640094475e+00,-1.488382864188141919e-01,-2.976765999467937629e+00,1.190706381714398132e+00
-5.954771569470314052e-01,-1.637562201375552418e+00,2.084170111452717578e+00,8.932157297716282196e-01,0.000000000000000000e+00,0.000000000000000000e+00,-1.190954336489738363e+00
-1.524134631542556906e-01,6.096538641838311623e-01,-1.371721191521918071e+00,5.944125097716397299e+00,4.572403778959586718e-01,-1.828961881721703708e+00,6.096538526170227623e-01
-1.524459599166271717e+00,0.000000000000000000e+00,-7.622298227216858235e-01,-2.591581269991707348e+00,0.000000000000000000e+00,1.829351898471744953e+00,6.097838581773487032e-01
1.762614004748533247e+00,-1.468845041114478500e-01,1.468845018820057913e+00,7.491109341825902490e+00,-2.937690082228957000e-01,0.000000000000000000e+00,-5.875380164457914001e-01
2.539356332563322827e+00,5.974955943253313917e-01,-1.194991165978397163e+00,-2.987477654214937495e+00,-4.481217070801313818e-01,2.389982377301325567e+00,1.194991188650662783e+00
-4.527168107508455108e+00,1.460376658717683906e-01,1.314339125841239797e+00,1.898489456840002809e+00,7.301883958565040800e-01,-1.752452256451869195e+00,-5.841507078188482582e-01
2.133131645629573470e+00,3.047331054479361367e-01,-1.066565822814786735e+00,-1.828397707627821056e+00,-3.047330823214412510e-01,-1.828398447675657845e+00,6.094661646428825019e-01
-6.098705593586341012e-01,-4.574029310898954925e-01,6.098705593586341012e-01,-3.049361359273916605e-01,3.049352796793170506e-01,-4.269094054361477930e+00,6.098705130749544345e-01
3.033537770147221591e-01,-4.550306655220832663e-01,-9.100613310441665327e-01,-1.668445301633701972e+00,-4.550306540111742626e-01,-6.067077842476248373e-01,-2.426830170074141257e+00
0.000000000000000000e+00,-4.573053876227551884e-01,6.097405168303402512e-01,7.164451200009477105e+00,-7.621756576063779542e-01,-3.048703000615996750e+00,6.097405168303402512e-01
-1.524351245802039845e+00,1.524351268938945125e+00,3.048702584151701256e-01,-2.743832626516300444e+00,7.621756576063779542e-01,-1.219480015636846160e+00,0.000000000000000000e+00
2.286472708723258140e+00,0.000000000000000000e+00,0.000000000000000000e+00,-2.438903729062522174e+00,-1.067020659101139524e+00,8.536164532445686959e+00,-6.097260710837736353e-01
-1.371753628917631973e+00,-2.133839009161869527e+00,-3.048341474708620713e-01,-4.420095705114538198e+00,6.096683412100537547e-01,-6.096677859900978547e-01,1.829004884825172317e+00
1.509190389554794509e-01,9.055144398940350170e-01,-3.018381466313450057e-01,-2.263785859213736096e+00,1.056433490302912226e+00,6.036757893131919905e-01,-6.036762932626900113e-01
1.371656194111829707e+00,-1.828874979458321448e+00,1.066843732234223907e+00,-3.657750097711768067e+00,-1.524062425050632386e-01,4.267375113997062819e+00,2.438499926346053837e+00
-9.026982719878989814e-01,2.256745748476411961e+00,-6.017988936630421781e-01,-2.106296036478428668e+00,1.504497119979831543e-01,-6.017988936630421781e-01,-3.008994285630772758e+00
-2.282795171022364400e+00,-4.565590226549010033e-01,-3.043726702203621293e-01,-7.609316813256912226e-01,-3.043726817699339837e-01,-7.304944547271565725e+00,0.000000000000000000e+00
4.572837079483534906e-01,-1.066995403377458018e+00,-1.524279065054193194e-01,1.524279065054193194e-01,-4.572837195162580137e-01,6.706828210139777369e+00,0.000000000000000000e+00
1.828658395888598021e+00,0.000000000000000000e+00,-1.523881961879159697e+00,-2.742987489748880847e+00,0.000000000000000000e+00,-6.095530067975651889e-01,-1.828658280239691125e+00
-4.573487415662614852e-01,9.146975294107193566e-01,2.439193226649132740e+00,1.372046155281489987e+00,1.524495743516609769e+00,3.048991672146005083e+00,1.829394873708653169e+00
-1.528879034437896633e+00,4.586637196136206795e-01,7.644396564527243809e-01,6.115516880331725025e-01,-1.528879080849155248e+00,-3.669309849731483109e+00,0.000000000000000000e+00
1.941049469618075785e+00,-7.465575214371910073e-01,-1.642426601552528398e+00,3.135541644426910413e+00,4.479345060634761233e-01,5.972458721078647281e-01,-1.791737978928314545e+00
3.048124850101264771e-01,3.048125081426473204e-01,7.620312240915766422e-01,-3.048126006727306936e-01,1.524062425050632386e-01,-1.828874863795717287e+00,2.438499833815970241e+00
1.218153440354759365e+00,9.136150571543522059e-01,-1.065884271866273103e+00,1.522691823555166302e+00,1.827230114308704412e+00,1.218153532801628192e+00,2.436306926932953143e+00
-2.364347977434543058e+00,4.433152345544327244e-01,1.329945770950562656e+00,1.477717687758383081e+00,-3.546521876435461795e+00,-4.137608736219568151e+00,-1.773261027934083689e+00
4.495096719259431550e-01,-4.495096719259431550e-01,-5.993462898812296213e-01,1.947875305659059197e+00,2.247548359629715886e+00,1.198692215882626977e+00,-1.198692488792501232e+00
9.145674506004205506e-01,-1.524278949375147962e-01,-7.621395209591921294e-01,-1.219423714759535704e+00,-1.219423252043354555e+00,6.097118573797678520e-01,1.219423252043354555e+00
-1.067071162570041754e+00,-1.371948702044388346e+00,-4.573162340147960969e-01,1.524391688582462656e-01,-6.097550095363328815e-01,0.000000000000000000e+00,0.000000000000000000e+00
4.424514684813753429e-01,1.179870646042263660e+00,4.424514908667621649e-01,-4.866966421919770802e+00,1.769805963467048660e+00,1.179870343839541480e+00,0.000000000000000000e+00
-1.524062540713236602e-01,-1.524062425050632386e-01,1.371656217244350495e+00,-3.048125081426473204e-01,-7.620312009590558544e-01,3.048124896366306569e+00,-1.219249940040505908e+00
-1.523954197532509047e+00,-9.143724537530495411e-01,-1.523954151270754842e+00,-2.285931226906132263e+00,6.095816512559510958e-01,-6.095815124706885912e-01,1.219163302511902192e+00
1.497981939084654712e+00,2.995963514382668502e-01,1.048587298243929045e+00,1.198385496699727604e+00,-2.246972817680321644e+00,5.991926119298736086e-01,-1.198385496699727604e+00
-1.370811938133255969e+00,9.138746177160763651e-01,-1.523124478451541031e-01,0.000000000000000000e+00,3.046248032171772202e-01,-1.827749189195587265e+00,0.000000000000000000e+00
2.438384360640011295e+00,-3.047980450800014118e-01,3.047980682114264095e-01,-1.371591260688568958e+00,1.219192272845705638e+00,3.657576540960016942e+00,6.095960901600028237e-01
4.443255291659952699e-01,2.962170269373978759e-01,-2.962170494176009083e-01,2.073519256002394062e+00,5.924340426346942357e-01,0.000000000000000000e+00,5.924340538747957519e-01
-2.517670916869993558e+00,-1.777179453542203857e+00,-5.923931324485256500e-01,-1.184786287375702019e+00,7.404914071311631263e-01,0.000000000000000000e+00,-5.923931436878510093e-01
1.219307797768512724e+00,1.524134654676173817e+00,1.066894218946172979e+00,6.096538410502143623e-01,-9.144807557919173435e-01,-2.438615317933623849e+00,-6.096538526170227623e-01
4.572728746653715870e-01,0.000000000000000000e+00,-3.048485676867404015e-01,-6.096971700763722524e-01,4.572728746653715870e-01,1.829091498661486348e+00,0.000000000000000000e+00
0.000000000000000000e+00,-3.034539291873010192e-01,-1.062088740640844131e+00,9.103617645324844077e-01,-4.551808822662422038e-01,-6.069079044334394490e-01,0.000000000000000000e+00
-4.572620418956694910e-01,7.621034108710200705e-01,1.219365475901402540e+00,-4.572620418956694910e-01,-6.096827379507012701e-01,1.829048213852103588e+00,-6.096827379507012701e-01
1.066970056309374248e+00,-9.145457493307431740e-01,-1.066970079444635289e+00,3.048485908220013862e-01,6.096971816440027725e-01,-3.048485815678970035e+00,1.829091544932008206e+00
-1.676826183675101278e+00,9.146324217546852875e-01,3.048774816307129321e-01,-1.219509903385398220e+00,-6.097549632614258641e-01,3.658529687018741150e+00,-3.048774770032222303e+00
-1.981797550645657990e+00,-9.146757641274730899e-01,4.573378820637365449e-01,1.524459298365122562e-01,1.219567716354697406e+00,-5.488054954981636868e+00,0.000000000000000000e+00
1.960384565160616432e+00,-4.200823825302515968e-01,-1.400274537588687140e-01,7.001373325552798788e-01,-5.601098575427657655e-01,1.680329870179333218e+00,1.680329530121006387e+00
3.048485676867404015e-01,1.676667237953377132e+00,-3.048485908220013862e-01,1.524242954110006931e-01,-3.048485908220013862e-01,-4.267880410319585316e+00,-2.438788726576011090e+00
6.054230335781833894e-01,-2.270336410377802316e+00,-9.081345273941988649e-01,-1.210846101615981274e+00,3.027115167890916947e-01,3.027115213837069607e+00,2.421692134312733558e+00
-1.219278821953097225e+00,2.286147825861660543e+00,1.981328097240317332e+00,1.828918279195783425e+00,-1.371688732529906529e+00,-3.048197101148880872e+00,0.000000000000000000e+00
6.098850119525807134e-01,-9.148275295000651841e-01,-1.829655082142518596e+00,-7.623562765119199502e-01,7.623563227966965172e-01,-1.829654989572965462e+00,0.000000000000000000e+00
5.934586481200709862e-01,8.901879834396474456e-01,1.483646642819259398e+00,-2.967293240600354931e-01,8.901879721801065903e-01,-5.934588733108887570e-01,0.000000000000000000e+00
1.792528353686849929e+00,-1.643151021110001775e+00,1.045641509420273119e+00,-4.481321110945045705e-01,1.493773620514777578e+00,-2.987547739830980653e+00,2.390037865376578807e+00
-2.591028838921921817e+00,1.066894218946172979e+00,-1.981374974738090433e+00,1.371721179955109671e+00,-1.371721133687876071e+00,-4.267577107120860802e+00,-1.219307705234045525e+00
1.672823125206816641e+00,-6.082993109126819675e-01,0.000000000000000000e+00,-6.082993224537912580e-01,3.041496843091140989e-01,2.433198213103904717e+00,-1.216598644907582516e+00
-2.403542165246322693e+00,4.506641445832360593e-01,4.506641559836854771e-01,0.000000000000000000e+00,-1.502213967283446139e-01,3.004427387345318667e+00,6.008855413115806732e-01
3.047547566253789308e-01,1.523773667486204575e-01,-4.571321002458613725e-01,-7.618868453071713231e-01,-6.095094669944818300e-01,6.095096982758620996e-01,-6.095094669944818300e-01
4.572945417446516170e-01,-4.572945533128301987e-01,7.621575888547169608e-01,-4.572945417446516170e-01,-4.572945417446516170e-01,4.268082636404558095e+00,6.097260710837736353e-01
2.591581362545906764e+00,1.067121763379635047e+00,-6.097838581773487032e-01,4.573378820637365449e-01,1.372013646191209579e+00,-1.219568179125696039e+00,-1.219567716354697406e+00
-3.505924943436233843e+00,4.572945417446516170e-01,-3.048630355418868176e-01,-1.524314830664076359e-01,-3.048630124055295987e-01,1.219452604894690761e+00,0.000000000000000000e+00
4.545057271062917792e-01,-1.666520692786333191e+00,1.212015034665807178e+00,4.545056351252708127e-01,-3.030037644152656084e-01,0.000000000000000000e+00,6.060075288305312169e-01
9.145024424125861584e-01,1.066919504580934763e+00,-9.145024192784213524e-01,0.000000000000000000e+00,-7.620853571100727475e-01,-1.829004838556842705e+00,0.000000000000000000e+00
2.278644980218810456e+00,-1.974825697174410921e+00,-4.557289822094725551e-01,1.063367640526868829e+00,-3.038193522158473825e-01,3.038192968786891601e+00,1.215277316634792548e+00
-4.061287595852620669e+00,2.105852854537803243e+00,4.512541570229578469e-01,1.504180675614859575e-01,1.052926404438151664e+00,1.805016628091831388e+00,-1.805016673753331524e+00
1.981140435974472425e+00,-2.285931226906132263e+00,1.523954128139877739e-01,-2.743117453782657034e+00,-1.523954128139877739e-01,-6.095816605083019368e+00,6.095816512559510958e-01
0.000000000000000000e+00,2.592072785091357190e+00,-4.574245989236497834e-01,4.574245873521814443e-01,-6.098994536600647054e-01,-1.219798652747825729e+00,-1.219798930463066089e+00
-2.590967612315675517e+00,-7.620492984202890119e-01,0.000000000000000000e+00,6.096394572426862002e-01,-6.096394572426862002e-01,3.657836373327016499e+00,0.000000000000000000e+00
6.096972279145246310e-01,-1.371818693401897660e+00,9.145457724660041032e-01,3.048485676867404015e-01,2.438788819117054807e+00,3.048485954490535832e+00,0.000000000000000000e+00
1.482586866963730321e+00,1.482586821957738943e+00,4.447760735909164209e-01,-1.482586911969721311e-01,-1.334328175766757996e+00,-1.779104474387630530e+00,5.930347197818973681e-01
1.371851170116678453e+00,-4.572837079483534906e-01,-1.066995380241648972e+00,6.097116375895818008e-01,0.000000000000000000e+00,6.706828210139777369e+00,6.097116260216772776e-01
-6.098272172564392912e-01,-1.524568014215854639e-01,-1.524568014215854639e-01,-1.219654469223170778e+00,-2.744222541289512485e+00,0.000000000000000000e+00,0.000000000000000000e+00
9.146541502726212025e-01,-1.067096468159888456e+00,3.048847051885395509e-01,2.134193005733782122e+00,6.097694566530824645e-01,0.000000000000000000e+00,0.000000000000000000e+00
-2.287285644137792229e+00,-3.049714377340380089e-01,-1.524857072947279346e-01,-4.574571334564748737e-01,6.099428754680760179e-01,0.000000000000000000e+00,0.000000000000000000e+00
-6.098127095526384434e-01,1.372078723761491981e+00,1.981891468023600167e+00,-1.219625488524216372e+00,1.219625534803509215e+00,0.000000000000000000e+00,0.000000000000000000e+00
7.622478023410103054e-01,-3.048991417615924959e-01,-1.372046201559686374e+00,1.219596590185468177e+00,-1.219596636463664563e+00,0.000000000000000000e+00,0.000000000000000000e+00
9.134205585596443244e-01,7.611837583628114912e-01,0.000000000000000000e+00,-3.044735079664837030e-01,1.979077813335541780e+00,6.089470159329674059e-01,0.000000000000000000e+00
-1.198022947354907553e+00,-4.492585839489165456e-01,0.000000000000000000e+00,-1.497528613163055244e-01,-1.497528499514128031e-01,-1.198022890530444196e+00,0.000000000000000000e+00
1.324833894109773924e+00,4.416112794175265366e-01,-8.832225588350530732e-01,-4.416112794175265366e-01,-7.360187878577720832e-01,5.888150392233687525e-01,5.888150392233687525e-01
4.572187159489293218e-01,-6.096249700202529542e-01,7.620312009590558544e-01,9.144374550303794313e-01,1.524062309388028169e-01,1.219249940040505908e+00,0.000000000000000000e+00
-1.218990064387211358e+00,4.571212741452042594e-01,-3.047475045330076959e-01,3.047475160968028396e-01,-9.142425482904085188e-01,-1.828485096580817038e+00,-1.218990064387211358e+00
2.392537589042926349e+00,4.486007809231703503e-01,1.644869484658615599e+00,-1.495335913714063159e+00,-5.981343291712181154e-01,-5.981343745642271337e-01,-5.981343745642271337e-01
-1.980765116032100259e+00,-1.980765092905605318e+00,-1.828398447675657845e+00,1.218932306159270063e+00,1.676031906514937164e+00,1.828398493928647506e+00,1.218932329285765004e+00
-1.524495650960216997e-01,-6.097982603840867988e-01,-7.622478948974030777e-01,-4.573487299967123887e-01,4.573487299967123887e-01,-3.658789886251895496e+00,0.000000000000000000e+00
-2.986507495010095603e-01,1.642579008931058127e+00,2.986507495010095603e-01,-1.642578952268810788e+00,-7.466268057578271389e-01,0.000000000000000000e+00,1.194602907344442633e+00
1.372046201559686374e+00,2.286743661553110929e+00,1.524495650960216997e-01,1.372046155281489987e+00,3.048991417615924959e-01,2.439193272927329126e+00,-2.439193226649132740e+00
-4.573270577828092986e-01,-2.439077641508316407e+00,7.622117514023479812e-01,4.573270462138084858e-01,-9.146541502726212025e-01,6.097694103770791019e-01,1.219538820754158204e+00
-1.676548117830429563e+00,-6.096538988842563622e-01,4.572403778959586718e-01,6.096538526170227623e-01,4.572404241631923272e-01,6.096538526170227623e-01,-6.096538526170227623e-01
1.223452174783401958e+00,1.223452186389526020e+00,-9.175890904661168079e-01,-1.529315305525183744e-01,1.070520621018635099e+00,-6.117260757855768061e-01,-1.223452105146656921e+00
-1.354522592288011751e+00,1.655527469389619810e+00,9.030149853801169302e-01,4.515074926900584651e-01,-1.053517498172514610e+00,-1.806029970760233860e+00,-6.020100511695906098e-01
1.981375101972982833e+00,-2.133788437892345957e+00,-9.144807557919173435e-01,-1.066894218946172979e+00,3.048269263085113812e-01,1.828961511583834687e+00,2.438615410468091049e+00
-1.219365452766689506e+00,7.621034108710200705e-01,3.048413689753506350e-01,-1.066944791413727112e+00,-4.572620650303823586e-01,6.096827379507012701e-01,-6.096827379507012701e-01
0.000000000000000000e+00,-3.019160362006111931e-01,6.038320724012223861e-01,1.056706166799377122e+00,7.547901305987658738e-01,-6.038320953139297842e-01,0.000000000000000000e+00
1.524062401918111709e+00,-9.144374665966399363e-01,-1.066843674402921938e+00,3.048124850101264771e-01,-1.524062425050632386e-01,0.000000000000000000e+00,0.000000000000000000e+00
-3.047547334972409150e-01,1.219018933988963660e+00,1.371396300737584006e+00,3.047547219331718793e-01,1.523773667486204575e-01,-6.095094669944818300e-01,6.095094669944818300e-01
-7.526533428404730275e-01,-1.053714684546230851e+00,-1.204245366823031294e+00,-6.021226719875941713e-01,-6.021226834115156468e-01,6.021226834115156468e-01,6.021226834115156468e-01
1.066970056309374248e+00,1.829091544932008206e+00,9.145457493307431740e-01,-1.524242954110006931e-01,-1.524243069786311577e-01,0.000000000000000000e+00,0.000000000000000000e+00
-4.572837195162580137e-01,-7.621395440950011757e-01,-9.145674158967069811e-01,-4.572837310841625369e-01,1.524279180733238703e-01,-1.829134831793413962e+00,-2.438846457815091018e+00
-6.094805865129008238e-01,3.047403221652536520e-01,-4.571104369937952772e-01,1.371331357235471060e+00,1.980812001565978253e+00,-6.094806443305073040e-01,2.437922346051603295e+00
6.097260595155949980e-01,3.048630586782439811e-01,1.524315062027647993e-01,-1.829178213251320795e+00,-4.572946342900803263e-01,1.829178213251320795e+00,-6.097260710837736353e-01
-4.493422525556674541e-01,-8.986845392123626874e-01,-1.497807394848798823e-01,1.048465255963223930e+00,-1.048465233229205484e+00,5.991230034075565314e-01,0.000000000000000000e+00
0.000000000000000000e+00,-1.676468690688216467e+00,4.572187159489293218e-01,0.000000000000000000e+00,7.620312125253162483e-01,0.000000000000000000e+00,-1.828874863795717287e+00
7.619590047296896929e-01,2.895444342876598576e+00,1.523918032589708649e-01,1.523918032589708649e-01,-1.066742611247631478e+00,0.000000000000000000e+00,2.438268805882875423e+00
-5.937598570988775748e-01,-1.781279650153423821e+00,-8.906398138114560714e-01,1.187519736728266828e+00,-1.039079803433001103e+00,0.000000000000000000e+00,-1.781279605092400242e+00
-4.573704042647563917e-01,1.067197598381000923e+00,7.622840186780247551e-01,-1.677024804067342778e+00,1.524568037356049510e+00,1.219654411372683711e+00,1.219654411372683711e+00
0.000000000000000000e+00,-4.572512212062930792e-01,-9.145024192784213524e-01,2.286256048196053214e+00,4.572512096392106762e-01,-3.048341428440290990e+00,0.000000000000000000e+00
3.029894953423004633e-01,4.544842430134506950e-01,1.969431731222039073e+00,-1.666442178394307749e+00,1.514947591682364036e-01,-6.059790366729456146e-01,-1.211957981369201853e+00
1.524531889579828492e-01,-1.829438267495794079e+00,6.098128021112243502e-01,-1.981891410174484003e+00,7.622660026390304377e-01,2.439251023327725587e+00,2.439251023327725587e+00
1.524387408153564660e-01,4.573162108773426437e-01,-1.524387489134651830e+00,7.621936230956950498e-01,-1.371948725181841855e+00,-6.097549632614258641e-01,-6.097549632614258641e-01
-1.676349621911935373e+00,6.095816628213897026e-01,0.000000000000000000e+00,4.571862731382789757e-01,-2.133535848788460143e+00,6.095816512559510958e-01,0.000000000000000000e+00
6.098272519667314873e-01,-1.524568014215854639e-01,7.622839839677325591e-01,9.147408085295127833e-01,2.134395289322780886e+00,-6.098272056863418555e-01,-6.098272056863418555e-01
4.529484973394893865e-01,1.660811088162047700e+00,-4.529484515065471673e-01,-4.529484629647826943e-01,3.019656419765218147e-01,-6.039312839530436294e-01,-6.039312839530436294e-01
1.784284698831203331e+00,-1.635594363683240404e+00,-8.921423268470800583e-01,-2.230355873539004108e+00,-1.189523109985613836e+00,0.000000000000000000e+00,-1.784284698831203331e+00
-2.437864658571530008e+00,1.218932306159270063e+00,7.618326942403557123e-01,1.980765046652615657e+00,1.066565764998549604e+00,-6.094661183898927304e-01,2.437864658571530008e+00
1.200845845338637030e+00,-3.302326051897907178e+00,-3.002114613346592575e-01,4.503171806103166142e-01,0.000000000000000000e+00,1.200845799771947942e+00,0.000000000000000000e+00
-7.474074196424422833e-01,2.391703706554063391e+00,1.494814839284884567e+00,-7.474074196424422833e-01,-1.494814816596289619e-01,5.979259266385158478e-01,-5.979259266385158478e-01
1.524387523840832204e-01,-1.524387431291018169e+00,1.524387986589902100e-01,1.524387523840832204e-01,-7.621937156455090845e-01,0.000000000000000000e+00,6.097549632614258641e-01
-4.570238969935360163e-01,1.523412897487806061e+00,-2.132778093479187564e+00,-9.140477477417483509e-01,7.617064487439030307e-01,-6.093651497460577104e-01,0.000000000000000000e+00
1.642236001818614177e+00,-1.194353431147902267e+00,2.985883464568927503e-01,1.343647632701555850e+00,4.478825253503805337e-01,0.000000000000000000e+00,-5.971767155739511335e-01
-1.336545594705712547e+00,2.970101521927293597e-01,-1.485050648261684869e-01,4.455151944785054607e-01,-2.227575916041546478e+00,-2.376081082299480673e+00,0.000000000000000000e+00
-1.674445803611564587e+00,-1.370001086840797688e+00,6.088893873323160122e-01,-1.826668185101556707e+00,9.133340578938652365e-01,2.435557595538481390e+00,6.088893873323160122e-01
-1.359036705254881738e+00,1.359036705254881738e+00,1.510040707217541189e-01,2.718073502188556034e+00,3.020081414435082379e-01,1.812048986179238597e+00,0.000000000000000000e+00
1.420712794234548548e+00,-9.944989732152714756e-01,4.262138210192770726e-01,-9.944989408694824284e-01,-5.682851090682756734e-01,-2.273140436273102694e+00,0.000000000000000000e+00
1.371948632632027820e+00,7.621937156455090845e-01,-9.146324217546852875e-01,-1.524387408153564660e-01,3.048775047681664407e-01,1.829264889784277592e+00,-6.097549632614258641e-01
-1.327719623449430175e+00,2.360390501398665464e+00,1.475244063374165915e-01,1.622768548081994000e+00,5.900976029581203042e-01,1.770292876048999098e+00,-5.900976253496663659e-01
-2.993038110855255618e-01,-1.197214790053031885e+00,2.993036861560312012e-01,-1.646170415823506206e+00,5.986073950265159427e-01,-2.394429580106063771e+00,-1.795822230508454798e+00
-7.620132662789871336e-01,0.000000000000000000e+00,9.144158640180496400e-01,0.000000000000000000e+00,-1.219221036364201538e+00,6.096105297480872709e-01,1.219221152024066113e+00
1.369774418082036149e+00,-4.565914110919241375e-01,-9.131829145869801989e-01,-7.609857159542507965e-01,1.065379963064620128e+00,-6.087885635230875225e-01,1.826365644367696550e+00
-1.066313303501669196e+00,1.370974168087222056e+00,-1.523304554137959732e-01,6.093218794577325292e-01,-3.046609339486114343e-01,-6.093218678972228686e-01,6.093218678972228686e-01
-4.566888234946173131e-01,-1.217836377432568229e+00,-3.044591001345676173e-01,1.065606827365284559e+00,1.522295558437093410e+00,-1.217836354326866211e+00,-6.089182002691352347e-01
0.000000000000000000e+00,-1.495266319299193569e-01,5.981065731105765781e-01,2.990533092507378643e-01,-1.644793132792709667e+00,1.196213100830254117e+00,-2.392426292442306313e+00
1.652396920454810791e+00,6.008715006909423062e-01,0.000000000000000000e+00,-1.351960902205032511e+00,3.004357560455627740e-01,6.008715120911255481e-01,2.403486048364502192e+00
-3.200834478347389211e+00,-1.066944768279014299e+00,-1.524206960550317513e-01,4.572620534630258970e-01,0.000000000000000000e+00,-1.219365475901402540e+00,0.000000000000000000e+00
-1.520676258567714489e+00,0.000000000000000000e+00,-6.082705565136787840e-01,-1.368608812743736802e+00,-1.216541136108485022e+00,1.216541136108485022e+00,-1.216541136108485022e+00
4.471767560930404728e-01,1.490589805378903732e+00,1.639648833428175134e+00,2.981179882251412949e-01,7.452949253139190544e-01,-1.788707748355110816e+00,5.962359312013483237e-01
-1.684569359483969242e+00,-3.062852894862899689e-01,-1.990854393283031376e+00,1.531426563652917017e-01,-3.062853127305834033e-01,1.837711690429152833e+00,6.125705789725799377e-01
9.146544626356442054e-01,-7.622117514023479812e-01,3.048846936195386825e-01,7.622117629713488496e-01,-1.524423178872672258e-01,-6.097694103770791019e-01,0.000000000000000000e+00
-2.373013963486318989e+00,8.898801462621884761e-01,7.415668073112364755e-01,1.186506947976216475e+00,1.483133276953043922e-01,5.932534458489892026e-01,-1.186506891697978405e+00
-9.146970666287556062e-01,-6.097982950927340884e-01,-6.097983066622831849e-01,-1.524495824503453445e+00,0.000000000000000000e+00,-6.097983066622831849e-01,1.219596613324566370e+00
-3.505592915689479394e+00,-3.048341359037796683e-01,3.048341474708620713e-01,3.048341474708620713e-01,1.676587799522658795e+00,6.096682949417241426e-01,0.000000000000000000e+00
-9.148271245082705283e-01,-7.623562765119199502e-01,6.098849888101923744e-01,-6.098850003813865994e-01,-2.439540047810322854e+00,0.000000000000000000e+00,0.000000000000000000e+00
7.622651233324645448e-01,0.000000000000000000e+00,-1.067172299566233384e+00,1.524531773881596108e-01,3.049064010556121751e-01,0.000000000000000000e+00,0.000000000000000000e+00
-1.655256741586172975e+00,0.000000000000000000e+00,1.203822928025674255e+00,-3.009557234414832472e-01,2.407645787531865977e+00,3.009557280094487641e+00,0.000000000000000000e+00
-2.968456596461279240e+00,2.968457137131191304e-01,-7.421142617548848186e-01,-7.421142842827977981e-01,-5.936913823704121906e-01,-2.374765574537474944e+00,-5.936913823704121906e-01
1.981421599981048498e+00,0.000000000000000000e+00,-3.048341474708620713e-01,1.371753721454291419e+00,-1.524170714220145495e+00,6.096682949417241426e-01,6.096682949417241426e-01
-1.671913018827809516e+00,1.215937598738217940e+00,-1.519922027259868746e-01,-7.599610251647728187e-01,-9.119531932862441348e-01,-4.255781722466986494e+00,2.431875243615789994e+00
4.103023151205958285e+00,-1.318829318040118936e+00,1.465365871864110492e-01,1.318829295798505941e+00,1.904975588940117648e+00,2.344585439465802779e+00,-2.930731743728220984e+00
1.051009871184542144e+00,2.552452518260524439e+00,1.051009871184542144e+00,-6.005770497147158160e-01,-7.507213121433946590e-01,6.005770497147158160e-01,-6.005770497147158160e-01
-2.286200964135121083e+00,-1.676548117830429563e+00,-1.828961604118301887e+00,-6.096538526170227623e-01,6.096538526170227623e-01,0.000000000000000000e+00,3.657923115702136574e+00
0.000000000000000000e+00,-1.676587764821411586e+00,1.524170760488475107e+00,6.096682949417241426e-01,7.620853802442375535e-01,-6.096682949417241426e-01,-2.438673179766896570e+00
-1.491004182888394425e+00,1.938305598433299748e+00,2.982008908914998146e-01,1.043703072858731984e+00,-5.964017478368615066e-01,0.000000000000000000e+00,-5.964017365214822064e-01
-1.524355572403335857e-01,-1.524351349918113829e+00,-4.573054223281131647e-01,-4.573054223281131647e-01,-9.146107868139630170e-01,-6.097405168303402512e-01,-6.097405168303402512e-01
-1.524211124798635353e-01,1.066944849250509364e+00,1.219365429631976694e+00,1.524206960550317513e-01,6.096827495180576761e-01,1.219365475901402540e+00,1.219365475901402540e+00
5.921344016749878758e-01,-1.332301976861065773e+00,-1.332301864516945544e+00,-1.184268353973494614e+00,4.441006327400605080e-01,-1.184268353973494614e+00,0.000000000000000000e+00
-1.982454788936029111e+00,1.067475929774714949e+00,3.049931227927756838e-01,1.372468913690123582e+00,-3.049930996465478605e-01,-1.219972398586191442e+00,0.000000000000000000e+00
-1.219481496398787002e+00,-4.573054223281131647e-01,-9.146107868139630170e-01,-1.067045881316190048e+00,9.146107521086049852e-01,4.268183571538570753e+00,0.000000000000000000e+00
1.522335794056407232e-01,1.217865250179674286e+00,4.566994558201128429e-01,-1.522331519400376143e-01,-1.674564659787289411e+00,-4.262528208108555816e+00,1.217865215520300914e+00
-2.134344714830699097e+00,3.049063663461424323e-01,-3.049063779159656984e-01,0.000000000000000000e+00,-1.524531542485131341e-01,0.000000000000000000e+00,1.219625511663862794e+00
-9.145237136359328778e-01,-9.145240837913389820e-01,0.000000000000000000e+00,-4.572620650303823586e-01,7.621033993036636645e-01,-3.048413921100634916e+00,-1.829048213852103588e+00
6.696673782939868147e+00,4.565914110919241375e-01,3.043942817615437613e-01,6.087885750734789436e-01,0.000000000000000000e+00,-6.087884249183895813e-01,-6.087885635230875225e-01
-7.620318718021603654e-01,2.286093579744646664e+00,4.572187390814501651e-01,1.524062425050632386e-01,9.144374665966399363e-01,-1.828874863795717287e+00,0.000000000000000000e+00
2.536117777314041977e+00,-1.044283785330875514e+00,-2.983668346259970572e-01,0.000000000000000000e+00,-1.491834173129985286e-01,1.193466976210350694e+00,0.000000000000000000e+00
-3.504761918859389258e+00,-1.219047804958198089e+00,-3.047619396752066501e-01,-2.285714576474906945e+00,4.571429615523529555e-01,3.047619928711839510e+00,0.000000000000000000e+00
3.658182997322972696e+00,0.000000000000000000e+00,0.000000000000000000e+00,1.219394270746961606e+00,-1.371818693401897660e+00,-1.219394455829049262e+00,1.219394363288005545e+00
-1.499972315475357920e+00,5.999889899374037938e-01,-2.999944949687018969e-01,7.499862715720729822e-01,-1.049980789307653817e+00,2.399955959749615175e+00,0.000000000000000000e+00
2.438845948827291998e+00,-9.145674390325160275e-01,4.572837195162580137e-01,-4.572837310841625369e-01,1.676707029399135296e+00,-2.438846504086709110e+00,-1.829134878065032055e+00
-3.963782195578513523e+00,-4.573595784437717859e-01,4.573595784437717859e-01,-1.067172264856763642e+00,-1.829438290635440501e+00,2.439251023327725587e+00,6.098127558319313968e-01
2.091089005478688811e+00,2.987270137373479462e-01,-1.045544480068657744e+00,7.468173983192496479e-01,3.584723983482681842e+00,0.000000000000000000e+00,0.000000000000000000e+00
-5.040562570566142320e+00,-1.630770402255812268e+00,2.965036951816286126e-01,0.000000000000000000e+00,-2.520281465298739754e+00,0.000000000000000000e+00,0.000000000000000000e+00
1.523917870677404141e+00,1.523918101980696438e+00,6.095672130358834595e-01,-6.095672592965418746e-01,9.143507964234959262e-01,1.219134426071766919e+00,6.095672130358834595e-01
-2.574925549696313265e+00,6.058648649742219838e-01,-3.029324324871109919e-01,3.029324462810160767e+00,-4.543986372357455839e-01,2.423459459896887935e+00,0.000000000000000000e+00
-2.819709542372099254e+00,-8.904343457351109326e-01,1.484057167807468769e-01,-1.038840152617117152e+00,8.904343457351109326e-01,-3.561737473041703073e+00,-1.187245824347234358e+00
-1.981282274493083140e+00,-6.096250162852946408e-01,-4.572187159489293218e-01,9.144374550303794313e-01,-1.066843674402921938e+00,6.096250162852946408e-01,-6.096249700202529542e-01
2.896336804321558045e+00,1.371948690475661703e+00,9.146324217546852875e-01,-2.286581146936526920e+00,-3.048774700619861777e-01,0.000000000000000000e+00,-6.097549169865188468e-01
-4.564674161803409902e+00,0.000000000000000000e+00,-1.914218231491017219e+00,1.325228032204771811e+00,4.417426550520654471e-01,0.000000000000000000e+00,1.766970620208261789e+00
2.972984485825843848e+00,8.918950185949160447e-01,8.918950411571806569e-01,-1.337842544814072498e+00,-4.459474923757595355e-01,0.000000000000000000e+00,1.189193343085044985e+00
-1.981376142985739275e+00,-1.066894253646598179e+00,-3.048269147417029812e-01,-3.048269494421281811e-01,1.371721133687876071e+00,-1.219307797768512724e+00,-1.828961557851068287e+00
1.980813065409936957e+00,0.000000000000000000e+00,1.676071633146639428e+00,-6.094805518223369578e-01,-1.218961173025801648e+00,1.828441840483351566e+00,1.218961196152844151e+00
-1.219107493901139261e+00,1.219105527869721151e+00,-1.066717357124564725e+00,7.619409809395798483e-01,-1.523881823100471378e-01,1.219105550999502574e+00,-6.095527754997512870e-01
1.370164095404855509e+00,-1.065682470271017701e+00,0.000000000000000000e+00,0.000000000000000000e+00,-3.044807355011594496e-01,0.000000000000000000e+00,-6.089614247876342645e-01
-1.800511881719176310e+00,-6.001708967294664410e-01,-1.500427213356440026e-01,4.501281526200415217e-01,3.000854654450689218e-01,1.200341770685152021e+00,1.800512656027727809e+00
-1.048245665076224853e+00,4.492481389284883053e-01,1.497493758546200315e-01,1.048245642346968376e+00,1.497493644899918486e-01,0.000000000000000000e+00,-1.197995006836960252e+00
-5.842451759364358788e-01,1.606669777773836572e+00,7.303043970807321372e-01,-2.921217677000567670e-01,2.921217677000567670e-01,-1.168487070800227068e+00,0.000000000000000000e+00
3.393840446758250362e+00,-2.951164932028759402e+00,-1.623140627508428357e+00,5.902329595297342024e-01,0.000000000000000000e+00,0.000000000000000000e+00,0.000000000000000000e+00
2.892635940938454109e+00,4.567319566207614367e-01,9.134637630402440145e-01,-1.674683579053382498e+00,9.134637283784103889e-01,-1.826927456756820778e+00,1.217951668648399322e+00
-2.378112871927554828e+00,8.917919885779546085e-01,-1.486319980963257681e-01,-2.080848041027536510e+00,-8.917919660182960229e-01,1.189055939651288973e+00,-2.378111969541212289e+00
1.968922871401332264e+00,2.271832807424201572e+00,0.000000000000000000e+00,1.968921859919728901e+00,4.543665476919093171e-01,6.058220789146913088e-01,-1.211644157829382618e+00
-4.567208721783161951e-01,1.674643814182954049e+00,0.000000000000000000e+00,1.522403561969085661e+00,-7.612017694308716997e-01,-1.217922849575268529e+00,3.653768548725805587e+00
1.217489710717411411e+00,-2.739354066631974671e+00,6.087453635398679674e-01,-9.131180453098020067e-01,4.565590226549010033e-01,6.087453635398679674e-01,-1.826236090619604013e+00
-9.120605537967206855e-01,-1.520101553640197611e+00,-6.080406306850398845e-01,1.064071092162618637e+00,-1.520101576712599711e-01,3.040203153425199645e+00,1.216081261370079769e+00
-2.744156221121721195e+00,-3.049063547763192217e-01,-3.049063779159656984e-01,-1.372078665912375817e+00,0.000000000000000000e+00,-1.829438267495794079e+00,-6.098127558319313968e-01
1.372110622719302508e+00,0.000000000000000000e+00,-1.524567898514880837e-01,1.372111178083976979e+00,6.098272056863418555e-01,0.000000000000000000e+00,-1.829481570778636046e+00
-2.223369790586771533e+00,-1.334020686467620509e+00,0.000000000000000000e+00,-4.446735621558735030e-01,-1.185796195746077863e+00,-5.928980978730389317e-01,1.778694248623494012e+00
-2.520570240125362904e+00,-8.896137354818638432e-01,7.413446370393947937e-01,-1.186151437266672826e+00,5.930757186333364128e-01,0.000000000000000000e+00,0.000000000000000000e+00
-1.829220763836239660e+00,3.963313475081738257e+00,-4.573053876227551884e-01,-1.524351407760377253e+00,-3.048702584151701256e-01,1.219481033660680502e+00,6.097405168303402512e-01
3.047330499443483998e+00,-1.218932329285765004e+00,-1.523665411607206255e-01,2.742597856525445632e+00,1.523665411607206255e-01,-1.218932329285765004e+00,-1.218932329285765004e+00
-2.896269664518574594e+00,1.067045892884642688e+00,-1.524351176391323948e-01,-6.097405168303402512e-01,-4.573053876227551884e-01,0.000000000000000000e+00,1.219481033660680502e+00
-1.066869003908563318e+00,-1.219278821953097225e+00,1.219278821953097225e+00,-9.144591395978917125e-01,1.981328143506455142e+00,0.000000000000000000e+00,-6.096394109765486125e-01
-1.359768697898320999e+00,3.021712778487143369e-01,-1.057599483936538798e+00,-6.043426015615827041e-01,-1.661942085498121502e+00,0.000000000000000000e+00,-6.043425556974286739e-01
2.283281678811393878e+00,1.522187454716038002e-01,3.044374909432076004e-01,1.826625014971432259e+00,6.088749818864152008e-01,6.088749818864152008e-01,1.217749963772830402e+00
-6.049962975152213041e+00,-3.024980224947989016e-01,-1.512490169866181622e-01,0.000000000000000000e+00,-7.562450734546534159e-01,-1.209992135892945297e+00,1.209992089979195606e+00
4.490914378780828109e+00,1.496971020314681322e-01,2.095759598850482686e+00,-1.197576929858364281e+00,4.490913288157282190e-01,2.395153768831433272e+00,-5.987884081258725288e-01
-4.116430890263264253e+00,-1.372143807500118440e+00,0.000000000000000000e+00,1.524603793452761757e-01,-4.573812305988009808e-01,3.049208327409302921e+00,-1.829524968676690122e+00
3.501446300546577461e+00,2.435788156159051532e+00,-1.370130797402574263e+00,7.611838276831980332e-01,-7.611837814696069682e-01,-4.871576127463739248e+00,1.826841047798902107e+00
-1.365511366316087383e+00,-7.586169446835353547e-01,-1.062063694922298795e+00,-1.972404083811842623e+00,1.668957241457576846e+00,0.000000000000000000e+00,-1.820680639605834150e+00
-2.587903702827398345e+00,0.000000000000000000e+00,6.089181887162841145e-01,1.978984208638944864e+00,-1.522295523778540272e+00,3.044591047557080543e+00,-6.089182002691352347e-01
-4.109128110511874432e+00,6.087597628530372340e-01,0.000000000000000000e+00,1.521899522631043611e-01,3.043799045262087222e-01,-1.826279334758491801e+00,1.217519525706074468e+00
3.257562943017582757e+00,1.480710306056107761e-01,5.922840887106749497e-01,-8.884261836336647677e-01,0.000000000000000000e+00,2.369136219995627179e+00,2.369136309893675740e+00
-5.175437091889845576e+00,-1.065531229853257766e+00,-7.610937389100501660e-01,-2.587718638361171664e+00,-3.044375140472698194e-01,6.088752129270370572e-01,-6.088750280945396387e-01
7.306326740637346440e+00,3.044302885610613019e-01,4.566454212898341525e-01,-5.631960627173579148e+00,-3.044303116645769025e-01,3.653163370318673220e+00,6.088606233291538050e-01
1.321478696455875346e+00,-2.936617418742440422e-01,1.468308820802619874e-01,-5.873229934503297889e-01,4.404926908133457997e-01,1.174646700061617199e+00,-3.523940902490928728e+00
1.209054660340129761e+00,7.556588645045452246e-01,-1.360185988222893050e+00,4.080557643521563804e+00,9.067906282298223708e-01,2.418108586629709844e+00,-6.045270549011086958e-01
-3.961907609596665214e+00,-1.066666817774080567e+00,3.047619743682353222e-01,1.523810334414892331e-01,-1.066666864031452056e+00,-3.657143322359851290e+00,1.828571661179925645e+00
-3.043561815558551431e-01,-6.087165669569999382e-01,3.043582719294744554e-01,3.195761895681071163e+00,2.282687160735826115e+00,4.261016107287305843e+00,6.087165669569999382e-01
-1.526413964081516417e+00,1.526412295971625865e-01,9.158475976808082564e-01,1.831695311202581111e+00,-1.679053896259875112e+00,1.831695867239211406e+00,-1.831695172193423593e+00
1.219308167906381746e+00,1.066894276780215201e+00,-1.524134747210640906e-01,-2.743442267375752142e+00,-1.524134747210640906e-01,-6.706193442933623849e+00,-6.096538063497891624e-01
1.363710494088832270e+00,0.000000000000000000e+00,4.545699040465592811e-01,4.545696740615138287e-01,6.060931593984032473e-01,-2.424372453605576627e+00,0.000000000000000000e+00
-2.591091606850969953e+00,-1.524170760488475107e+00,-4.572512559075403438e-01,1.676587892059318241e+00,-7.620853802442375535e-01,2.438672994693577678e+00,0.000000000000000000e+00
-4.573253802776856558e-01,1.067096502866891061e+00,0.000000000000000000e+00,3.048847283265412322e-01,-1.524423178872672258e-01,-3.048846727953371527e+00,1.829308184855233943e+00
-6.209265854779411953e+00,-1.774075855928308743e+00,-5.913586336023667345e-01,7.391983032226562278e-01,2.956792943617876923e-01,-5.913588579963234837e-01,0.000000000000000000e+00
4.724927747376400866e+00,3.048340780683675422e-01,1.524170737354310357e-01,-7.620853802442375535e-01,9.145024424125861584e-01,-6.096681561367350843e-01,-1.829004838556842705e+00
1.676113084665482589e+00,1.523737603611604596e+00,-6.094950206298105355e-01,-3.199849115600947425e+00,-1.523737580484014309e+00,-6.094950784487862538e-01,4.266465179100059402e+00
3.967149284066774584e+00,8.815887694398136798e-01,4.407943847199068399e-01,2.644766486731827460e+00,1.469314318379044970e-01,5.877259057640046302e-01,-1.175451722321815939e+00
-1.966976694965077765e+00,0.000000000000000000e+00,3.026118539893116743e-01,1.210447507819297774e+00,2.420894923776544250e+00,4.236565726195235193e+00,-1.815671123935870046e+00
6.095804021885881108e-01,-1.523954151270754842e+00,0.000000000000000000e+00,6.095816396905126000e-01,-1.371558773153082722e+00,3.657490555200265447e+00,0.000000000000000000e+00
-9.118454152494331666e+00,2.279613814927012427e+00,-1.215793993107225468e+00,-1.367768268195950210e+00,-4.559227445318405070e-01,7.902660413123582472e+00,1.215794016174178038e+00
7.468436855944851516e+00,-3.353175691581977258e+00,1.066919493013852360e+00,-3.048341706050268773e-01,3.048341359037796683e-01,-4.877345249093880675e+00,-6.096682949417241426e-01
-1.219539283514192274e+00,1.981750653139512153e+00,6.097694219460799703e-01,1.829308254269238931e+00,-6.097694219460799703e-01,7.317232739420935772e+00,6.097694103770791019e-01
2.732308427310904619e+00,-1.214359880860573115e+00,-1.062564856873436936e+00,0.000000000000000000e+00,1.517949894275232303e-01,-4.857439661680743370e+00,-6.071799116306091371e-01
1.826840262167853668e+00,-3.044735310732792355e-01,-3.044735079664837030e-01,1.522367424298440852e-01,3.044735079664837030e-01,2.435787509168776399e+00,1.826841001585310931e+00
-3.340038698411949447e+00,-3.036400325043063786e-01,1.518200623392482185e-01,-6.072801917481240874e-01,-1.518200392957007039e-01,-4.858240520068902057e+00,-6.072801571828028155e-01
-8.443352135374697198e+00,1.925676657649361134e+00,8.887738143202486008e-01,-2.073805563000028940e+00,4.443869071601243004e-01,6.517674398526533963e+00,1.185031782404742717e+00
1.097272786489175189e+01,0.000000000000000000e+00,-1.219192180320005647e+00,2.590783325351449840e+00,-7.619951242657160284e-01,-1.828788964422757957e+00,-1.828788270480008471e+00
-4.419673946514437013e+00,-7.620131737510955627e-01,6.096105413140736617e-01,-7.620131506191226700e-01,-3.048052880060165282e-01,1.158260001894971225e+01,-1.219221059496174542e+00
6.217552114490819903e+00,4.441108621108669774e-01,1.480369502920654834e-01,-4.441108396415259230e-01,2.072517371496939820e+00,-1.006651212553495078e+01,5.921478011682619336e-01
-4.786522992514065322e+00,-1.495787754059724750e-01,5.983151470306179442e-01,4.487363489212814471e-01,-2.094103082717254871e+00,5.983153740642581653e-01,0.000000000000000000e+00
2.892976737031427437e+00,-9.135719076876656075e-01,-1.522619707482369300e+00,-4.567859076225861403e-01,-1.370357722867758365e+00,-7.308574521961378245e+00,1.218095784474394261e+00
-5.160176798056283154e+00,0.000000000000000000e+00,7.588495433540030088e-01,-4.553098204597457177e-01,2.276548699169821610e+00,1.153451188875521893e+01,-1.821238959335857333e+00
4.220289549511560878e+00,7.536231665231803989e-01,-1.507246218659955006e-01,2.110144774755780439e+00,-9.043477655118947744e-01,-3.014490652891981259e+00,6.028984874639820024e-01
-6.400304350915421381e+00,-2.895375903356741887e+00,-3.047763877498756435e-01,-4.571645931897041493e-01,6.095528217593141340e-01,6.095528587669643450e+00,-6.095527754997512870e-01
5.487275236312809668e+00,6.096974129966122868e-01,-1.219394317017483687e+00,3.048485908220013862e-01,3.048485792543709216e-01,-1.036485305962900583e+01,1.829091544932008206e+00
-6.093795136504629006e+00,2.894552985816778445e+00,1.523448899742203988e+00,-1.371104062951365110e+00,-3.046897776361198740e-01,6.093783297421447864e-01,-1.218759156790898190e+00
-1.524247234133282725e-01,0.000000000000000000e+00,-1.371818739672419518e+00,0.000000000000000000e+00,4.572728746653715870e-01,-1.829090758333135947e+00,1.219394363288005545e+00
-1.517381255601150947e-01,-3.641704695533229508e+00,1.669114774951653279e+00,-6.069508440049997677e-01,1.517376994857259076e-01,7.890360419319843110e+00,-1.820852393828710891e+00
4.116430890263264253e+00,3.506589430734016855e+00,-1.067222933105850480e+00,6.098417025070496100e-01,1.524604140563908528e-01,0.000000000000000000e+00,-1.219683266169640623e+00
1.523994504713629128e-01,-3.047980335142889130e-01,7.619951473971410261e-01,-1.523989878428632372e-01,-3.047980450800014118e-01,1.828787484011558995e+00,1.828788224217158476e+00
-3.138600780505935273e+00,2.989143389836291242e-01,-8.967430509782456927e-01,-5.978287460219749994e-01,-8.967430282933401831e-01,-8.967429557016423303e+00,1.195657401304327516e+00
-1.371494635371024007e+00,-2.285822908124067521e+00,-5.028810178140025400e+00,1.066717391819236971e+00,1.371493710179768399e+00,4.266869567276947883e+00,-6.095527754997512870e-01
2.285931689523674315e+00,2.590722017837792102e+00,1.523951005471470277e-01,-6.095816975177053010e-01,-1.371558680629574312e+00,6.095818825647220107e-01,-6.095816512559510958e-01
-8.951830767090250829e-01,-3.729930999758690024e+00,-6.713876698590111936e+00,8.951834956498990747e-01,-1.491973002272516391e-01,9.548622866617197502e+00,0.000000000000000000e+00
-7.621026011560693147e-01,2.286310116939495707e+00,-4.572618568179664389e-01,-7.621033993036636645e-01,-4.572620418956694910e-01,-1.158397197479389718e+01,0.000000000000000000e+00
7.621567675140372700e-01,-1.676746683912198721e+00,4.725377733421781912e+00,-1.524315756118363452e-01,2.134041271929564942e+00,7.316712667914425872e+00,0.000000000000000000e+00
0.000000000000000000e+00,2.227935972776905693e+00,-5.941164758299090076e-01,8.911744094003936079e-01,-2.970581251947804757e-01,-4.752930363821044502e+00,0.000000000000000000e+00
-1.676745480821625778e+00,-4.420514119470966286e+00,1.371883810324812325e+00,-2.591335917787823906e+00,-1.067020635964782471e+00,1.280424938994053363e+01,6.097260710837736353e-01
-5.791710096176624134e+00,3.048270419765954364e-01,1.219307427630643925e+00,3.048269378753198033e+00,6.096538641838311623e-01,-5.486885275027241882e+00,0.000000000000000000e+00
5.641033387834411883e+00,-3.659050215042297438e+00,2.744287753844695477e+00,4.573812537395440803e-01,-4.573812421691725305e-01,6.098404066254353717e-01,-1.219683312451126822e+00
1.514482263493632797e+00,3.331864731186592099e+00,-1.060138761386907769e+00,-1.060138738399771574e+00,1.514484010515970980e-01,-1.090428377233246238e+01,2.423174186954193399e+00
-3.048825996303843322e-01,-5.183040103895180550e+00,-1.676866144623987198e+00,9.146541155656185973e-01,0.000000000000000000e+00,1.280515655357058158e+01,-6.097693641010756282e-01
-7.115104826632876467e+00,1.927007977191567800e+00,-5.929249222439810785e-01,-2.519933034428637253e+00,5.929254059692143919e-01,-6.522177744499481733e+00,-1.778776251655915130e+00
7.165638847420677138e+00,-2.286906708371839514e+00,-4.116431630767043437e+00,1.829524980247061672e+00,1.372143749648260691e+00,-1.219683775265989034e+00,6.098416562255634110e-01
-6.304229805172610668e+00,0.000000000000000000e+00,4.398299532870001416e-01,-8.796603182501139262e-01,-2.492370862766321249e+00,-5.277962287797652863e+00,0.000000000000000000e+00
-1.067048900682335155e+00,2.134091878316906943e+00,-7.621756390968537076e+00,7.621756807432832348e-01,1.371916197573623375e+00,1.158506977350265288e+01,-2.438962067321361005e+00
-1.193077511473737973e+00,-1.043944995595939007e+00,2.237025404478234503e+00,0.000000000000000000e+00,-2.982699890405521304e-01,5.965416531454267313e-01,1.789619934243312782e+00
3.657661605514366254e+00,0.000000000000000000e+00,-1.828832283203448927e+00,7.620131506191226700e-01,-4.572078857450789791e-01,1.219218561243101018e+00,6.096105297480872709e-01
1.067071220413675414e+00,1.067071220413675414e+00,1.981704752766128896e+00,-1.219509926522851728e+00,-6.097550095363328815e-01,-1.036583238562323750e+01,1.829264843509370575e+00
1.371881589234523524e+00,1.371883810324812325e+00,-1.067020659101139524e+00,0.000000000000000000e+00,-9.145890834893032340e-01,1.097506900187163836e+01,-1.829178166978606468e+00
7.610418490217879528e-01,-1.217663262047266493e+00,6.697149050176244067e+00,9.132476660084632991e-01,2.435327078552671942e+00,-3.652992003974355750e+00,2.435327078552671942e+00
-8.974306072159196068e-01,-1.495722521852334008e-01,-4.487155941975078832e+00,5.982873401212630560e-01,-5.982873174189545784e-01,0.000000000000000000e+00,-2.393149315080435269e+00
-3.600268127768710524e+00,1.500116577290743769e-01,-2.850212753555607215e+00,-9.000674303997143744e-01,0.000000000000000000e+00,-3.600268127768710524e+00,2.400179784040568975e+00
-2.438789651986449147e+00,6.096966726682617743e-01,-3.963032444149629185e+00,1.524242954110006931e-01,4.572728862330020516e-01,1.036485157897230636e+01,-3.048485908220013751e+00
7.311859270308024072e+00,2.284957131780192885e+00,-1.066313303501669196e+00,0.000000000000000000e+00,-7.616523233110187308e-01,-4.874573833368847531e+00,6.093218678972228686e-01
7.617446486076908663e-01,3.046971194828566043e-01,-4.570453092441750242e-01,-6.093940077281445600e-01,4.570454942342299653e-01,0.000000000000000000e+00,-2.437576030912578240e+00
1.676864663791878041e+00,-3.963500820380988277e+00,6.402579017201345479e+00,1.219538820754158204e+00,-6.097694103770791019e-01,-4.268386011467564245e+00,2.439077641508316407e+00
-9.732575052362113510e+00,8.983913195252501982e-01,-5.240618454735861853e+00,-1.497319487069467048e+00,-1.647051403959157501e+00,4.791421340470095380e+00,1.796783366302071139e+00
7.532551306184289253e+00,3.987822313599008517e+00,-3.397034686194389419e+00,2.806245265368899400e+00,1.033879782694779870e+00,-1.181576976493273889e+01,2.363154096460217790e+00
-3.048196731019779726e+00,3.048198211536183866e-01,-6.096393462039559452e+00,-1.828918244496180234e+00,6.096394109765486125e-01,4.267476015634253272e+00,-5.486754837587350053e+00
5.639432757681283270e+00,-5.029763861251272949e+00,1.371753813990950732e+01,-1.524170795189722316e+00,2.133839055430199139e+00,6.096685262833724250e-01,1.219336589883448285e+00
-5.555598016336055878e+00,-3.003019253208868422e-01,-1.651664235705951000e+00,7.507564086201866660e-01,-1.651663996408255564e+00,1.741754667444574167e+01,0.000000000000000000e+00
-7.621026011560693147e-01,-4.877463014071827807e+00,2.133889652231593104e+00,-1.524206960550317513e-01,1.066944768279014299e+00,-1.036460603619823750e+01,-6.096827379507012701e-01
1.829004098263568023e+00,4.420095705114538198e+00,-4.877346729680430037e+00,1.371753675185961585e+00,-1.829004838556842705e+00,-6.096670456968232843e-01,1.219336589883448285e+00
1.676388033540196165e+00,-2.590783255957174624e+00,2.743182706428537454e+00,-6.095960901600028237e-01,0.000000000000000000e+00,-3.047980126960064595e+00,1.219192134057155652e+00
-3.964157918434086270e+00,-7.623388587407284867e-01,7.775849249982226929e+00,-7.623382107692124876e-01,1.219741095575428425e+00,3.049352472807412617e+00,-4.269093869226758819e+00
2.534121449423103467e+00,-2.385053693063342806e+00,3.577581263611510298e+00,7.453294600864186492e-01,2.981317795094643452e-01,-5.962637852740837019e+00,2.981317795094643230e+00
1.773667585573167838e+00,1.034639903514817272e+00,1.034639903514817272e+00,8.868341517344360270e-01,-7.390284784738972990e-01,1.182446014243050847e+00,0.000000000000000000e+00
-3.672195333546413476e+00,-4.847298639331537373e+00,8.813274793388429229e-01,-1.615766421196520808e+00,7.344392874290842643e-01,8.225720286744897081e+00,-1.762654289829802323e+00
1.674603080708894298e+00,2.588024690627735769e+00,-5.784996628256394047e+00,9.134205354528488474e-01,-6.089470159329674059e-01,-3.044734756169699352e+00,0.000000000000000000e+00
4.108739356669819820e+00,1.521755262535477771e+00,-3.652213664853358743e+00,9.130532891770636317e-01,-4.565266157166508743e-01,-1.460885170293282798e+01,1.826106509061613092e+00
-1.927007257228429804e+00,4.743402977767538609e+00,-9.783268056675497704e+00,-1.037619513880889244e+00,-7.411567827727220115e-01,1.304435836885151545e+01,-5.929254172186384508e-01
-2.581673236245190850e+00,3.037262196992942531e-01,6.681973882974957313e+00,-1.214904417795690028e+00,1.518630176493497297e-01,-5.467070479382538650e+00,6.074522088978450141e-01
1.219481496398787002e+00,-2.134091878316906943e+00,3.353571893953752880e+00,9.146107752455103768e-01,1.524351870498483752e-01,1.829223725360121344e+00,-6.097405168303402512e-01
7.597118904238989723e-01,-7.597098240642342404e+00,7.900982258826307891e+00,-1.519419399058330455e-01,9.116516855590979240e-01,-5.469910851340181956e+00,0.000000000000000000e+00
-6.096829692978300130e+00,-6.096814886762058627e-01,-3.810517447645219491e+00,-1.066944826115796552e+00,-6.096827379507012701e-01,1.463238534066142371e+01,0.000000000000000000e+00
1.522443860769976953e-01,6.089745864981898071e-01,-5.024050690944369180e+00,1.217951691756288257e+00,6.089758343241996608e-01,3.044878848110551317e+00,6.089758343241996608e-01
3.931272325625117414e+00,6.350518189509306133e+00,-1.980756779939838452e+01,1.360825316487767944e+00,-5.140895624764993066e+00,-5.443301724948298670e+00,4.233678655307036465e+00
-3.348097074059181111e+00,-6.239639756841781626e+00,1.552300600799489061e+01,-2.130608841686969068e+00,6.544012831297159494e+00,-5.478705915746150623e+00,-7.913689772216571328e+00
1.522479886417416051e-01,1.674723438239470008e+00,-3.958435873166114671e+00,7.612378403410435812e-01,-1.826970779845006998e+00,4.871920847136772537e+00,3.044951268930430555e+00
-3.869526497189516689e+00,-1.785936307279498481e+00,-6.548431680969674318e+00,2.976559382662325448e-01,-4.464838961046471155e-01,-4.762493927968356466e+00,0.000000000000000000e+00
1.674801221070566504e+00,5.481172204079700627e+00,-9.135282076766529924e-01,9.135285774291258543e-01,0.000000000000000000e+00,-5.481173683089592075e+00,0.000000000000000000e+00
-5.783626664774205395e+00,-6.088029001963428222e+00,1.932949518605256145e+01,1.522007989733399624e-01,9.132044242187684624e-01,1.095845309062522155e+01,0.000000000000000000e+00
3.542127356975730557e+00,2.656595517731798139e+00,-4.722838865440198042e+00,-1.033120957012432894e+00,0.000000000000000000e+00,-1.771063678487865278e+00,0.000000000000000000e+00
-3.131692703504542763e+00,-1.938664704246245041e+00,2.833432806415724148e+00,1.491280811606190970e-01,-1.491280811606190970e-01,4.772097510661969189e+00,1.193024649284952776e+00
4.266970630033159573e+00,5.486105518711511309e+00,-5.638496269540501871e+00,0.000000000000000000e+00,-1.523918032589708649e-01,-6.705237446707721816e+00,-1.219134426071766919e+00
-8.077338512921334868e+00,-4.876884608096264451e+00,0.000000000000000000e+00,-1.219221094194133936e+00,4.572078973110654254e-01,1.280182154108534398e+01,-6.096105297480872709e-01
7.450536152670341750e+00,1.043074598174996481e+00,1.341095291583676907e+00,0.000000000000000000e+00,-1.490106520356141995e-01,-1.728523785261012691e+01,-5.960426081424567979e-01
-7.621398957592987244e+00,-2.896130952380952195e+00,3.353414475242833426e+00,-4.572837079483534906e-01,-1.524279065054193194e-01,9.145676380004738704e+00,1.219423252043354555e+00
-9.149325717536084257e-01,3.202275851444552401e+00,-5.642104436754912022e+00,1.067425283814850800e+00,-1.524893212995935277e-01,0.000000000000000000e+00,-6.099572851983741106e-01
-4.387815412593771280e-01,-1.462600875198908801e+00,1.755120481927710863e+00,-7.313005263980449921e-01,1.023820732517333409e+00,1.170080700159127041e+01,5.850404122385769456e-01
4.908480904383207388e+00,5.057226165156278874e+00,-1.487409261142962902e-01,1.041193673366844985e+00,-1.487419646262946316e-01,-1.665909931570186941e+01,0.000000000000000000e+00
-2.176093573844419371e+00,-4.352185738444194207e+00,2.901457158962795990e+00,-7.253643447893178831e-01,-2.901457467235061816e-01,1.334670518602029254e+01,0.000000000000000000e+00
-2.074187717318718871e+00,2.518656308287471113e+00,5.926252676906071937e-01,1.629718856500564250e+00,-5.926250428161051742e-01,-1.007462523314988445e+01,-1.185250085632210348e+00
1.100453249714937343e+01,-1.320543044469783434e+00,-7.336359749144811815e-01,-1.467270702679589478e+00,2.934541360818129774e-01,-2.934541049030786830e+00,5.869082721636259548e-01
-1.452206297257645773e-01,2.033083173456720516e+00,-8.713209570025955975e-01,1.306982008591016875e+00,8.713213096715946016e-01,-6.389690779821690647e+00,5.808808878089380956e-01
1.054927037219216324e+00,-2.712662204576862912e+00,-4.068992574895181846e+00,-7.535171964483345919e-01,-1.657737820749303204e+00,1.687878574942028109e+01,0.000000000000000000e+00
-1.675679515105597206e+00,9.140040486788522101e-01,-1.523342054171796578e+00,7.616703681212413368e-01,4.570022324335282771e-01,-1.096805450326735532e+01,6.093362944969931139e-01
5.938359365755531805e+00,3.806639746775529520e+00,-6.090610578629748195e-01,-4.567967293996272882e-01,-6.090622827549994067e-01,6.090640160927700553e-01,-6.090623058661697176e-01
-2.226189103155563842e+00,-7.420635149474072989e-01,1.038888055914375386e+00,1.484125745892634629e-01,4.452377125046134143e-01,1.780950129175124630e+00,0.000000000000000000e+00
-3.704414338684046903e+00,-7.408828677368093363e-01,-2.963535789134289722e+00,1.185413888333122223e+00,-1.481767444755993646e-01,7.705191612353469388e+00,0.000000000000000000e+00
1.523663769626068643e+00,-1.066565822814786735e+00,5.637563052075686088e+00,-9.141992700908186942e-01,6.094661646428825019e-01,-1.340825774978094564e+01,-1.218932329285765004e+00
7.003552497692798973e+00,-4.415284318133415375e+00,3.501776248846399486e+00,-2.283767538793511243e+00,-4.567534800279230423e-01,3.654029319198277115e+00,1.827013966329657624e+00
2.379872156463842980e+00,-1.487409261142962902e-01,6.842130282504161443e+00,2.974839292525892631e-01,1.338677546178564715e+00,3.569805344923247858e+00,-1.784903440057448609e+00
7.616695473056160903e-01,7.312035348991381412e+00,-8.530708400416706638e+00,9.140045111101903208e-01,-2.437345177987972455e+00,1.828011056918268817e+00,1.218672588993986228e+00
5.181321056371388067e+00,8.686332380980578804e+00,9.143507964234959928e+00,6.095672014707188557e-01,6.095672592965418746e-01,-1.036264507342491648e+01,2.438268852143533838e+00
0.000000000000000000e+00,5.068827641662998040e+00,-6.410575775656324637e+00,-1.490831599414637332e-01,-1.043582153532451207e+00,1.192665442454294755e+01,-2.981663198829274553e+00
1.334605766571402174e+00,-5.931577445988810426e-01,3.262368051074029829e+00,-4.448682887549552656e-01,2.817499222135152692e+00,-1.008368097169724287e+01,5.931577333450492873e-01
3.047916814704280108e-01,3.047908140625369966e-01,-8.381747554418627288e+00,-1.981140378147279613e+00,-1.523954105009000637e+00,-6.095833629408560217e-01,0.000000000000000000e+00
3.960591424580344189e+00,-3.046609223881016626e-01,8.987497632407604797e+00,3.351270250313706178e+00,1.523304785348154333e-01,1.218644198214835273e+00,0.000000000000000000e+00
-3.741472052290014005e+00,-2.993176215297969067e-01,-7.033964957781861038e+00,-5.986352203440836739e-01,-1.346929262810820926e+00,1.017679863227187020e+01,5.986352430595938134e-01
4.571863379047348630e+00,-1.981140435974472425e+00,1.082007434448944849e+01,-3.047908256279755479e-01,2.895512831900329154e+00,-7.314979630024396329e+00,-2.438326558762050400e+00
-1.523883257146917414e+00,1.523882008138722544e+00,-3.047757632457781529e-01,-1.981046531939082422e+00,-2.590599353698396445e+00,1.280060870183084276e+01,1.828658280239691125e+00
1.827232333033558920e+00,-6.090767201773796824e-01,3.654459858829933072e+00,1.065884294977990310e+00,1.218153463466476571e+00,-1.339968701188053224e+01,1.827230114308704412e+00
-2.591521347675685760e+00,-1.524424104392740342e-01,-6.097692715490689030e-01,1.067096445021886719e+00,-4.573270693518101671e-01,2.439075605364166233e+00,-1.829308184855233943e+00
2.685178530025504440e+00,1.790117902996753996e+00,-3.281882535358219499e+00,0.000000000000000000e+00,2.088470901924414758e+00,-3.580234175747739389e+00,2.386823810282865832e+00
-2.084893759837052052e+00,1.489209802622442291e+00,-4.616550261549856593e+00,1.042446846013245221e+00,-1.489209836527723096e+00,1.072231159151930413e+01,-1.191367824015137522e+00
2.437747164270998468e+00,-3.656623891460844433e+00,1.523593087688555281e+00,-1.066515274696446802e+00,1.523593249566352614e-01,-7.922686424021406992e+00,-1.218874599653082091e+00
-1.066414296876849965e+00,1.675793921518717644e+00,9.597728301920298577e+00,-1.523448945988622738e-01,-1.371104109197783805e+00,7.312554755759713920e+00,0.000000000000000000e+00
-4.916098427840422502e+00,-1.042808932830118884e+00,3.873290218574173771e+00,1.191781598757785554e+00,8.938362669024519924e-01,-1.549316087429669508e+01,5.958907993788927770e-01
-3.656275897994459179e+00,1.066414296876849965e+00,-3.503932610458646124e+00,-1.218759156790898190e+00,-9.140694369628016291e-01,8.531314375014799722e+00,-1.218759156790898190e+00
1.523892704879204196e-01,-1.676309916804831879e+00,2.895444319746269368e+00,3.047836065179417298e-01,9.143508889448128674e-01,-7.924373815727143722e+00,6.095672130358834595e-01
-1.958043636023129030e+00,-9.037125880796872401e-01,-1.958044070386204538e+00,-7.530938310201441555e-01,-1.656806533405903892e+00,1.265197550155675721e+01,6.024750739606011818e-01
-5.637827116637063263e+00,-7.618688943161634475e-01,4.571213550917702650e-01,1.371363787744227292e+00,2.285606440108792103e+00,0.000000000000000000e+00,0.000000000000000000e+00
2.732630777942945954e+00,6.072515912201221777e-01,-2.125380569270427955e+00,-7.590644083765425432e-01,-1.366315976554204781e+00,-6.072503008423586479e-01,-2.429006134455888422e+00
-2.132677100104176660e+00,4.570023942844966269e-01,3.351349781584430421e+00,-4.570022208727448354e-01,4.570022093119613382e-01,-6.702700303059001996e+00,1.828008837247845353e+00
1.066616341030195425e+00,-1.218990341918294806e+00,0.000000000000000000e+00,-9.142425482904085188e-01,3.047475392243931269e-01,2.437981053878034210e+00,0.000000000000000000e+00
-3.786475988700564788e+00,9.087546713159133649e-01,-3.029181701315324937e-01,1.211672680526129975e+00,3.029181586371527679e-01,-2.423346280602636682e+00,1.211672680526129975e+00
5.791572900627738996e+00,-6.096394572426862002e-01,1.524098527441371531e-01,-6.096394109765486125e-01,-1.828918244496180234e+00,3.048196731019779726e+00,-1.219278821953097225e+00
-4.404964823646064787e+00,-2.278429915836441833e+00,1.518953250326827265e+00,6.075812770757590409e-01,2.126534481292642553e+00,9.113721138863969173e+00,6.075812770757590409e-01
1.362843912542069713e+00,0.000000000000000000e+00,-3.937102194832780455e+00,1.362843085122031672e+00,-1.211416059064551964e+00,-1.574840841158888161e+01,-1.817124036883075666e+00
4.874458426061839766e+00,2.437229952886026840e+00,1.980249244238008410e+00,-1.370941802257445996e+00,4.569806161661300048e-01,1.827921539845636545e+00,1.218614883961125051e+00
-1.671755049013818439e+00,-7.598891283807723829e-01,-1.975712001372977422e+00,-7.598892206507618097e-01,-1.519778533571513046e-01,3.039556513523089532e+00,0.000000000000000000e+00
0.000000000000000000e+00,4.491852063019245445e-01,2.096198599055176803e+00,7.486423438190873414e-01,4.491854108366689080e-01,1.197828186451327603e+00,0.000000000000000000e+00
7.621206557532397285e-01,1.066970287661983763e+00,-7.621214886226339580e-01,0.000000000000000000e+00,0.000000000000000000e+00,-4.267880410319585316e+00,0.000000000000000000e+00
-2.574863461945902543e+00,-1.514626528696532359e+00,1.060238553995062283e+00,0.000000000000000000e+00,-4.543879632068198449e-01,1.514626639045175338e+01,1.211701204565785339e+00
6.827922414986388411e+00,5.937323368938309809e-01,1.484331180176659826e-01,-4.452993427882618871e-01,-1.484330842234577452e-01,-7.718523623863793759e+00,5.937324270117196878e-01
-2.895717855789274431e+00,-1.219250032570589282e+00,2.590906180417377414e+00,7.620312009590558544e-01,1.066843674402921938e+00,8.534749857873791257e+00,-1.828874863795717287e+00
4.877345249093880675e+00,-1.829004468410205364e+00,-2.743507385073170379e+00,0.000000000000000000e+00,-4.572512212062930792e-01,-6.706352308530547646e+00,6.096682949417241426e-01
-4.490896928804095078e-01,2.544850802698929826e+00,1.197576941219026248e+00,1.347274100053803991e+00,4.490913401763901858e-01,2.395154723127035812e+00,-5.987884535685202847e-01
3.199773243972907633e+00,-1.523702073367119714e-01,-1.218961230843408128e+00,-2.285552323731232072e+00,-2.895032956498218013e+00,-3.047402666603514554e+00,6.094805980764220754e-01
-5.029884866862503578e+00,3.048411144935089800e-01,-3.048413574079941735e-01,-1.066944872385222176e+00,3.658096520243058869e+00,1.097429048611769176e+01,0.000000000000000000e+00
4.478410672853827990e+00,1.791364015371229801e+00,2.985606352414443276e-01,1.642083635440835243e+00,-1.940644214037122950e+00,-1.253954756380510460e+01,-5.971212931409513036e-01
-3.200076381980957674e+00,-1.523844574510918592e-01,1.523845846618765154e-01,-7.619229348739993135e-01,3.047691739495997254e+00,9.752614158495571672e+00,0.000000000000000000e+00
-1.523597527765279680e-01,-7.617967288474745136e-01,-2.742467964846432515e+00,0.000000000000000000e+00,-3.199545835652040093e+00,-1.157931161050462876e+01,-6.094372998265410457e-01
