-1.243363395333290100e-01,-1.340076029300689697e-01,1.953428797423839569e-02,7.804486751556396484e-01,-1.460877060890197754e-02,-3.735962510108947754e-01,4.050668329000473022e-03
-1.245280876755714417e-01,-1.340195834636688232e-01,1.930658705532550812e-02,7.803767919540405273e-01,-1.462075486779212952e-02,-3.772633969783782959e-01,4.050668329000473022e-03
-1.246119737625122070e-01,-1.340195834636688232e-01,1.911483891308307648e-02,7.801491022109985352e-01,-1.459678635001182556e-02,-3.816016912460327148e-01,4.026699811220169067e-03
-1.245999932289123535e-01,-1.340195834636688232e-01,1.909087039530277252e-02,7.798255085945129395e-01,-1.457281783223152161e-02,-3.851969540119171143e-01,4.038684070110321045e-03
-1.246359422802925110e-01,-1.339836418628692627e-01,1.909087039530277252e-02,7.794779539108276367e-01,-1.457281783223152161e-02,-3.889480233192443848e-01,4.074636381119489670e-03
-1.246479302644729614e-01,-1.339357048273086548e-01,1.909087039530277252e-02,7.792023420333862305e-01,-1.460877060890197754e-02,-3.924354314804077148e-01,4.062652587890625000e-03
-1.246718987822532654e-01,-1.338757872581481934e-01,1.909087039530277252e-02,7.789506912231445312e-01,-1.460877060890197754e-02,-3.961625397205352783e-01,4.074636381119489670e-03
-1.246479302644729614e-01,-1.338398307561874390e-01,1.907888613641262054e-02,7.788308262825012207e-01,-1.460877060890197754e-02,-3.992424905300140381e-01,4.074636381119489670e-03
-1.246599107980728149e-01,-1.338158547878265381e-01,1.905491761863231659e-02,7.786270976066589355e-01,-1.460877060890197754e-02,-4.032092690467834473e-01,4.050668329000473022e-03
-1.246718987822532654e-01,-1.337918937206268311e-01,1.903094910085201263e-02,7.783154845237731934e-01,-1.460877060890197754e-02,-4.062891900539398193e-01,4.062652587890625000e-03
-1.247198283672332764e-01,-1.336600631475448608e-01,1.894705928862094879e-02,7.778481245040893555e-01,-1.460877060890197754e-02,-4.100282788276672363e-01,4.074636381119489670e-03
-1.247198283672332764e-01,-1.335522085428237915e-01,1.877928152680397034e-02,7.772728800773620605e-01,-1.457281783223152161e-02,-4.129764139652252197e-01,4.086620640009641647e-03
-1.247198283672332764e-01,-1.333005428314208984e-01,1.868340745568275452e-02,7.761822938919067383e-01,-1.460877060890197754e-02,-4.163319766521453857e-01,4.086620640009641647e-03
-1.246718987822532654e-01,-1.330967992544174194e-01,1.861150190234184265e-02,7.745644450187683105e-01,-1.460877060890197754e-02,-4.197714626789093018e-01,4.098604898899793625e-03
-1.247198283672332764e-01,-1.327732354402542114e-01,1.859951764345169067e-02,7.725990414619445801e-01,-1.460877060890197754e-02,-4.240258634090423584e-01,4.122573416680097580e-03
-1.248037219047546387e-01,-1.323777586221694946e-01,1.859951764345169067e-02,7.703340053558349609e-01,-1.460877060890197754e-02,-4.281484186649322510e-01,4.098604898899793625e-03
-1.250194311141967773e-01,-1.319463253021240234e-01,1.855158060789108276e-02,7.680929899215698242e-01,-1.458480209112167358e-02,-4.322590231895446777e-01,4.110589157789945602e-03
-1.251991987228393555e-01,-1.315268725156784058e-01,1.853959634900093079e-02,7.654923796653747559e-01,-1.459678635001182556e-02,-4.345480203628540039e-01,4.134557675570249557e-03
-1.254988014698028564e-01,-1.308197975158691406e-01,1.850364357233047485e-02,7.625203132629394531e-01,-1.459678635001182556e-02,-4.381192922592163086e-01,4.170510452240705490e-03
-1.257984191179275513e-01,-1.302086114883422852e-01,1.849165931344032288e-02,7.599316835403442383e-01,-1.456083357334136963e-02,-4.415707588195800781e-01,4.170510452240705490e-03
-1.266612708568572998e-01,-1.292258948087692261e-01,1.846769079566001892e-02,7.582778930664062500e-01,-1.460877060890197754e-02,-4.459330141544342041e-01,4.182494711130857468e-03
-1.278237402439117432e-01,-1.281952559947967529e-01,1.846769079566001892e-02,7.572832107543945312e-01,-1.460877060890197754e-02,-4.501394927501678467e-01,4.182494711130857468e-03
-1.289622485637664795e-01,-1.271166801452636719e-01,1.849165931344032288e-02,7.563484311103820801e-01,-1.462075486779212952e-02,-4.544777870178222656e-01,4.170510452240705490e-03
-1.299928873777389526e-01,-1.261699199676513672e-01,1.850364357233047485e-02,7.555574774742126465e-01,-1.458480209112167358e-02,-4.576296210289001465e-01,4.170510452240705490e-03
-1.308197975158691406e-01,-1.251991987228393555e-01,1.849165931344032288e-02,7.542871236801147461e-01,-1.462075486779212952e-02,-4.616443514823913574e-01,4.230431281030178070e-03
-1.313830614089965820e-01,-1.241925284266471863e-01,1.850364357233047485e-02,7.524415850639343262e-01,-1.462075486779212952e-02,-4.649280309677124023e-01,4.218447487801313400e-03
-1.320541799068450928e-01,-1.231379136443138123e-01,1.849165931344032288e-02,7.515427470207214355e-01,-1.462075486779212952e-02,-4.697456657886505127e-01,4.218447487801313400e-03
-1.325335502624511719e-01,-1.220233812928199768e-01,1.846769079566001892e-02,7.501765489578247070e-01,-1.457281783223152161e-02,-4.735806286334991455e-01,4.254399798810482025e-03
-1.330249011516571045e-01,-1.208249554038047791e-01,1.846769079566001892e-02,7.490859627723693848e-01,-1.458480209112167358e-02,-4.772717654705047607e-01,4.218447487801313400e-03
-1.333125233650207520e-01,-1.199021711945533752e-01,1.847967505455017090e-02,7.481512427330017090e-01,-1.459678635001182556e-02,-4.803996384143829346e-01,4.230431281030178070e-03
-1.335402280092239380e-01,-1.188235953450202942e-01,1.851562783122062683e-02,7.470846176147460938e-01,-1.460877060890197754e-02,-4.838511049747467041e-01,4.302336834371089935e-03
-1.337199807167053223e-01,-1.178888231515884399e-01,1.851562783122062683e-02,7.464014887809753418e-01,-1.459678635001182556e-02,-4.878778159618377686e-01,4.362258128821849823e-03
-1.338877677917480469e-01,-1.170738935470581055e-01,1.850364357233047485e-02,7.461019158363342285e-01,-1.460877060890197754e-02,-4.924557805061340332e-01,4.362258128821849823e-03
-1.339836418628692627e-01,-1.161391288042068481e-01,1.850364357233047485e-02,7.455506324768066406e-01,-1.459678635001182556e-02,-4.963866174221038818e-01,4.398210439831018448e-03
-1.340675204992294312e-01,-1.152642816305160522e-01,1.852761209011077881e-02,7.453109622001647949e-01,-1.462075486779212952e-02,-5.004132986068725586e-01,4.434163216501474380e-03
-1.341034770011901855e-01,-1.141497418284416199e-01,1.850364357233047485e-02,7.448195815086364746e-01,-1.462075486779212952e-02,-5.039606690406799316e-01,4.494084510952234268e-03
-1.341873705387115479e-01,-1.129033863544464111e-01,1.849165931344032288e-02,7.447836399078369141e-01,-1.462075486779212952e-02,-5.078914761543273926e-01,4.506068769842386246e-03
-1.341633945703506470e-01,-1.119446456432342529e-01,1.851562783122062683e-02,7.446517944335937500e-01,-1.460877060890197754e-02,-5.113189816474914551e-01,4.577973857522010803e-03
-1.341873705387115479e-01,-1.107102707028388977e-01,1.855158060789108276e-02,7.446278333663940430e-01,-1.464472338557243347e-02,-5.153096914291381836e-01,4.673847928643226624e-03
-1.341514140367507935e-01,-1.097036004066467285e-01,1.862348616123199463e-02,7.445200085639953613e-01,-1.462075486779212952e-02,-5.189888477325439453e-01,4.757737275213003159e-03
-1.341633945703506470e-01,-1.085171625018119812e-01,1.868340745568275452e-02,7.444480657577514648e-01,-1.464472338557243347e-02,-5.224163532257080078e-01,4.805674310773611069e-03
-1.341514140367507935e-01,-1.075224652886390686e-01,1.870737597346305847e-02,7.444600462913513184e-01,-1.462075486779212952e-02,-5.252446532249450684e-01,4.817658569663763046e-03
-1.341274529695510864e-01,-1.065038070082664490e-01,1.868340745568275452e-02,7.445080280303955078e-01,-1.462075486779212952e-02,-5.297387242317199707e-01,4.877579864114522934e-03
-1.341034770011901855e-01,-1.056289598345756531e-01,1.869539171457290649e-02,7.444840669631958008e-01,-1.456083357334136963e-02,-5.333459377288818359e-01,4.889564123004674911e-03
-1.341394335031509399e-01,-1.045743525028228760e-01,1.869539171457290649e-02,7.444720268249511719e-01,-1.463273912668228149e-02,-5.381636023521423340e-01,4.913532175123691559e-03
-1.341274529695510864e-01,-1.033879145979881287e-01,1.871936023235321045e-02,7.443162798881530762e-01,-1.459678635001182556e-02,-5.420944690704345703e-01,4.937500692903995514e-03
-1.341633945703506470e-01,-1.020576655864715576e-01,1.870737597346305847e-02,7.443162798881530762e-01,-1.460877060890197754e-02,-5.455938577651977539e-01,4.961469210684299469e-03
-1.341633945703506470e-01,-1.008712202310562134e-01,1.876729726791381836e-02,7.443042993545532227e-01,-1.457281783223152161e-02,-5.489733815193176270e-01,4.997421987354755402e-03
-1.341633945703506470e-01,-9.932526201009750366e-02,1.879126578569412231e-02,7.443162798881530762e-01,-1.460877060890197754e-02,-5.528083443641662598e-01,5.033374764025211334e-03
-1.341514140367507935e-01,-9.770739078521728516e-02,1.882721856236457825e-02,7.443522214889526367e-01,-1.459678635001182556e-02,-5.574102997779846191e-01,5.057343281805515289e-03
-1.341633945703506470e-01,-9.620936214923858643e-02,1.893507502973079681e-02,7.443042993545532227e-01,-1.462075486779212952e-02,-5.612452626228332520e-01,5.105279851704835892e-03
-1.341633945703506470e-01,-9.455553442239761353e-02,1.901896484196186066e-02,7.441604733467102051e-01,-1.463273912668228149e-02,-5.638338327407836914e-01,5.105279851704835892e-03
-1.341514140367507935e-01,-9.286576509475708008e-02,1.915079168975353241e-02,7.441724538803100586e-01,-1.468067616224288940e-02,-5.670695900917053223e-01,5.057343281805515289e-03
-1.341514140367507935e-01,-9.086439758539199829e-02,1.931857131421566010e-02,7.441844344139099121e-01,-1.468067616224288940e-02,-5.705450177192687988e-01,5.081311333924531937e-03
-1.341514140367507935e-01,-8.903080970048904419e-02,1.942642964422702789e-02,7.442203760147094727e-01,-1.470464468002319336e-02,-5.734332203865051270e-01,5.105279851704835892e-03
-1.341034770011901855e-01,-8.700547367334365845e-02,1.966611295938491821e-02,7.442323565483093262e-01,-1.471662893891334534e-02,-5.778313875198364258e-01,5.105279851704835892e-03
-1.341394335031509399e-01,-8.507601171731948853e-02,2.006159350275993347e-02,7.441844344139099121e-01,-1.471662893891334534e-02,-5.810551643371582031e-01,5.105279851704835892e-03
-1.341633945703506470e-01,-8.299075812101364136e-02,2.052897773683071136e-02,7.441724538803100586e-01,-1.471662893891334534e-02,-5.847702622413635254e-01,5.129248369485139847e-03
-1.341394335031509399e-01,-8.112122118473052979e-02,2.081659995019435883e-02,7.441724538803100586e-01,-1.481250207871198654e-02,-5.878262519836425781e-01,5.117264110594987869e-03
-1.341514140367507935e-01,-7.927565276622772217e-02,2.106826752424240112e-02,7.441964149475097656e-01,-1.481250207871198654e-02,-5.902110934257507324e-01,5.165201146155595779e-03
-1.341514140367507935e-01,-7.764579355716705322e-02,2.134390547871589661e-02,7.442203760147094727e-01,-1.490837614983320236e-02,-5.928955674171447754e-01,5.129248369485139847e-03
-1.341274529695510864e-01,-7.608784735202789307e-02,2.187121100723743439e-02,7.442203760147094727e-01,-1.506417151540517807e-02,-5.960234403610229492e-01,5.165201146155595779e-03
-1.340914964675903320e-01,-7.491338998079299927e-02,2.235057950019836426e-02,7.442083954811096191e-01,-1.516004465520381927e-02,-5.989356040954589844e-01,5.177185405045747757e-03
-1.341274529695510864e-01,-7.373894006013870239e-02,2.317749150097370148e-02,7.442083954811096191e-01,-1.524393446743488312e-02,-6.018717885017395020e-01,5.189169663935899734e-03
-1.341274529695510864e-01,-7.291202992200851440e-02,2.408829331398010254e-02,7.441844344139099121e-01,-1.533980853855609894e-02,-6.042805910110473633e-01,5.165201146155595779e-03
-1.340914964675903320e-01,-7.207313179969787598e-02,2.510695159435272217e-02,7.441964149475097656e-01,-1.541171409189701080e-02,-6.069650650024414062e-01,5.177185405045747757e-03
-1.340675204992294312e-01,-7.153384387493133545e-02,2.630537375807762146e-02,7.442203760147094727e-01,-1.549560297280550003e-02,-6.091341972351074219e-01,5.165201146155595779e-03
-1.340675204992294312e-01,-7.068295776844024658e-02,2.732403390109539032e-02,7.442083954811096191e-01,-1.551957149058580399e-02,-6.112434267997741699e-01,5.201153922826051712e-03
-1.340795159339904785e-01,-6.997589021921157837e-02,2.819888107478618622e-02,7.442083954811096191e-01,-1.553155574947595596e-02,-6.135204434394836426e-01,5.177185405045747757e-03
-1.340675204992294312e-01,-6.895723193883895874e-02,2.902579307556152344e-02,7.442323565483093262e-01,-1.553155574947595596e-02,-6.165164709091186523e-01,5.165201146155595779e-03
-1.340435594320297241e-01,-6.804642826318740845e-02,2.976881526410579681e-02,7.442203760147094727e-01,-1.553155574947595596e-02,-6.188414096832275391e-01,5.189169663935899734e-03
-1.340675204992294312e-01,-6.695586442947387695e-02,3.057175874710083008e-02,7.442443370819091797e-01,-1.561544556170701981e-02,-6.208787560462951660e-01,5.189169663935899734e-03
-1.340675204992294312e-01,-6.578141450881958008e-02,3.119493834674358368e-02,7.442323565483093262e-01,-1.562742888927459717e-02,-6.227482557296752930e-01,5.177185405045747757e-03
-1.340435594320297241e-01,-6.429536640644073486e-02,3.210574015974998474e-02,7.442323565483093262e-01,-1.566338166594505310e-02,-6.248215436935424805e-01,5.189169663935899734e-03
-1.340315788984298706e-01,-6.303702294826507568e-02,3.296860307455062866e-02,7.442443370819091797e-01,-1.567536592483520508e-02,-6.263914704322814941e-01,5.177185405045747757e-03
-1.339956223964691162e-01,-6.157495081424713135e-02,3.416702523827552795e-02,7.442443370819091797e-01,-1.578322425484657288e-02,-6.275539398193359375e-01,5.189169663935899734e-03
-1.339596658945083618e-01,-6.026867032051086426e-02,3.535346314311027527e-02,7.442323565483093262e-01,-1.575925573706626892e-02,-6.285966038703918457e-01,5.189169663935899734e-03
-1.337799131870269775e-01,-5.893842130899429321e-02,3.677958622574806213e-02,7.442443370819091797e-01,-1.590306684374809265e-02,-6.295793056488037109e-01,5.165201146155595779e-03
-1.334802955389022827e-01,-5.744039267301559448e-02,3.807388246059417725e-02,7.442563176155090332e-01,-1.587909832596778870e-02,-6.306937932968139648e-01,5.165201146155595779e-03
-1.329769641160964966e-01,-5.563077330589294434e-02,3.926032036542892456e-02,7.442563176155090332e-01,-1.598695665597915649e-02,-6.324675083160400391e-01,5.153216887265443802e-03
-1.325335502624511719e-01,-5.401290208101272583e-02,4.032691940665245056e-02,7.442563176155090332e-01,-1.596298813819885254e-02,-6.339295506477355957e-01,5.165201146155595779e-03
-1.318744122982025146e-01,-5.203550681471824646e-02,4.204066097736358643e-02,7.442563176155090332e-01,-1.603489369153976440e-02,-6.357991099357604980e-01,5.165201146155595779e-03
-1.312152892351150513e-01,-5.044160410761833191e-02,4.375440627336502075e-02,7.442563176155090332e-01,-1.604687795042991638e-02,-6.372371912002563477e-01,5.165201146155595779e-03
-1.302205920219421387e-01,-4.865595325827598572e-02,4.685832187533378601e-02,7.442563176155090332e-01,-1.607084646821022034e-02,-6.385794281959533691e-01,5.165201146155595779e-03
-1.292498707771301270e-01,-4.737364128232002258e-02,4.781705886125564575e-02,7.442443370819091797e-01,-1.608283072710037231e-02,-6.398138403892517090e-01,5.153216887265443802e-03
-1.279316097497940063e-01,-4.563593119382858276e-02,4.919524490833282471e-02,7.442563176155090332e-01,-1.625061035156250000e-02,-6.413478255271911621e-01,5.177185405045747757e-03
-1.264096051454544067e-01,-4.404202848672866821e-02,5.022588744759559631e-02,7.442443370819091797e-01,-1.638243533670902252e-02,-6.426780223846435547e-01,5.332980304956436157e-03
-1.243962571024894714e-01,-4.244812577962875366e-02,5.099288001656532288e-02,7.442563176155090332e-01,-1.638243533670902252e-02,-6.443438529968261719e-01,5.237106233835220337e-03
-1.223948895931243896e-01,-4.087819159030914307e-02,5.148423090577125549e-02,7.442443370819091797e-01,-1.641838811337947845e-02,-6.454464197158813477e-01,5.261074751615524292e-03
-1.203575730323791504e-01,-3.976365923881530762e-02,5.233511328697204590e-02,7.443881630897521973e-01,-1.644235663115978241e-02,-6.464291214942932129e-01,5.225121974945068359e-03
-1.184640675783157349e-01,-3.896071761846542358e-02,5.350956693291664124e-02,7.445319890975952148e-01,-1.644235663115978241e-02,-6.471481919288635254e-01,5.225121974945068359e-03
-1.168461963534355164e-01,-3.836150467395782471e-02,5.513941869139671326e-02,7.448555231094360352e-01,-1.647830940783023834e-02,-6.479750871658325195e-01,5.237106233835220337e-03
-1.154200732707977295e-01,-3.808586671948432922e-02,5.654157325625419617e-02,7.449154853820800781e-01,-1.646632514894008636e-02,-6.486102342605590820e-01,5.237106233835220337e-03
-1.141137927770614624e-01,-3.777427971363067627e-02,5.799166485667228699e-02,7.452510595321655273e-01,-1.653823070228099823e-02,-6.498206257820129395e-01,5.285043269395828247e-03
-1.126876696944236755e-01,-3.741475194692611694e-02,5.877064168453216553e-02,7.453109622001647949e-01,-1.655021496117115021e-02,-6.506715416908264160e-01,5.309011787176132202e-03
-1.112975031137466431e-01,-3.693538159132003784e-02,5.902231112122535706e-02,7.455266714096069336e-01,-1.664608903229236603e-02,-6.515343785285949707e-01,5.273059010505676270e-03
-1.102908253669738770e-01,-3.651593253016471863e-02,5.905826017260551453e-02,7.458262443542480469e-01,-1.663410477340221405e-02,-6.520976424217224121e-01,5.261074751615524292e-03
-1.093440726399421692e-01,-3.631220385432243347e-02,5.927397683262825012e-02,7.461258769035339355e-01,-1.665807329118251801e-02,-6.528167128562927246e-01,5.237106233835220337e-03
-1.086489856243133545e-01,-3.627625107765197754e-02,5.938183516263961792e-02,7.463535666465759277e-01,-1.665807329118251801e-02,-6.535597443580627441e-01,5.237106233835220337e-03
-1.078340560197830200e-01,-3.621632978320121765e-02,5.935786664485931396e-02,7.467370629310607910e-01,-1.675394736230373383e-02,-6.545304656028747559e-01,5.249090492725372314e-03
-1.071269884705543518e-01,-3.619236126542091370e-02,5.933389812707901001e-02,7.468689084053039551e-01,-1.676593162119388580e-02,-6.552135348320007324e-01,5.225121974945068359e-03
-1.066596060991287231e-01,-3.618037700653076172e-02,5.934588238596916199e-02,7.475399971008300781e-01,-1.675394736230373383e-02,-6.562681794166564941e-01,5.225121974945068359e-03
-1.062401533126831055e-01,-3.618037700653076172e-02,5.933389812707901001e-02,7.480313777923583984e-01,-1.677791588008403778e-02,-6.571190357208251953e-01,5.225121974945068359e-03
-1.059405505657196045e-01,-3.618037700653076172e-02,5.930992960929870605e-02,7.488223314285278320e-01,-1.678990013897418976e-02,-6.581137180328369141e-01,5.189169663935899734e-03
-1.057967394590377808e-01,-3.616839274764060974e-02,5.929794535040855408e-02,7.498529553413391113e-01,-1.678990013897418976e-02,-6.588088274002075195e-01,5.201153922826051712e-03
-1.057967394590377808e-01,-3.618037700653076172e-02,5.923802405595779419e-02,7.511832118034362793e-01,-1.678990013897418976e-02,-6.593960523605346680e-01,5.201153922826051712e-03
-1.056888848543167114e-01,-3.619236126542091370e-02,5.923802405595779419e-02,7.522378563880920410e-01,-1.678990013897418976e-02,-6.596477031707763672e-01,5.189169663935899734e-03
-1.054851487278938293e-01,-3.624029830098152161e-02,5.921405553817749023e-02,7.529928684234619141e-01,-1.680188439786434174e-02,-6.600551605224609375e-01,5.177185405045747757e-03
-1.051256209611892700e-01,-3.624029830098152161e-02,5.916611850261688232e-02,7.532924413681030273e-01,-1.683783717453479767e-02,-6.604146957397460938e-01,5.177185405045747757e-03
-1.048379987478256226e-01,-3.626426681876182556e-02,5.915413424372673035e-02,7.535920739173889160e-01,-1.686180569231510162e-02,-6.611457467079162598e-01,5.189169663935899734e-03
-1.046582385897636414e-01,-3.622831404209136963e-02,5.919008702039718628e-02,7.537118792533874512e-01,-1.688577421009540558e-02,-6.621404290199279785e-01,5.189169663935899734e-03
-1.046342700719833374e-01,-3.619236126542091370e-02,5.928596109151840210e-02,7.538557052612304688e-01,-1.690974272787570953e-02,-6.633747816085815430e-01,5.189169663935899734e-03
-1.046582385897636414e-01,-3.608450293540954590e-02,5.933389812707901001e-02,7.539036273956298828e-01,-1.689775846898555756e-02,-6.642616391181945801e-01,5.213138181716203690e-03
-1.046822071075439453e-01,-3.594069182872772217e-02,5.940580368041992188e-02,7.539275884628295898e-01,-1.690974272787570953e-02,-6.650406122207641602e-01,5.225121974945068359e-03
-1.047061756253242493e-01,-3.571299090981483459e-02,5.941778793931007385e-02,7.539635896682739258e-01,-1.689775846898555756e-02,-6.656398177146911621e-01,5.237106233835220337e-03
-1.046702265739440918e-01,-3.553322702646255493e-02,5.942977219820022583e-02,7.540115118026733398e-01,-1.690974272787570953e-02,-6.659154891967773438e-01,5.189169663935899734e-03
-1.046702265739440918e-01,-3.537743166089057922e-02,5.944175645709037781e-02,7.541912794113159180e-01,-1.693370938301086426e-02,-6.662749648094177246e-01,5.237106233835220337e-03
-1.047061756253242493e-01,-3.523362055420875549e-02,5.944175645709037781e-02,7.545508146286010742e-01,-1.688577421009540558e-02,-6.665865778923034668e-01,5.201153922826051712e-03
-1.046941950917243958e-01,-3.516171500086784363e-02,5.944175645709037781e-02,7.550541162490844727e-01,-1.690974272787570953e-02,-6.669580936431884766e-01,5.213138181716203690e-03
-1.047421321272850037e-01,-3.512576594948768616e-02,5.942977219820022583e-02,7.559529542922973633e-01,-1.692172512412071228e-02,-6.675093770027160645e-01,5.213138181716203690e-03
-1.047421321272850037e-01,-3.510179743170738220e-02,5.942977219820022583e-02,7.571873068809509277e-01,-1.692172512412071228e-02,-6.682164072990417480e-01,5.213138181716203690e-03
-1.047181636095046997e-01,-3.507782891392707825e-02,5.942977219820022583e-02,7.582778930664062500e-01,-1.690974272787570953e-02,-6.689953804016113281e-01,5.177185405045747757e-03
-1.047061756253242493e-01,-3.506584465503692627e-02,5.939381942152976990e-02,7.599316835403442383e-01,-1.693370938301086426e-02,-6.698343157768249512e-01,5.213138181716203690e-03
-1.046702265739440918e-01,-3.507782891392707825e-02,5.940580368041992188e-02,7.612859010696411133e-01,-1.693370938301086426e-02,-6.707690954208374023e-01,5.213138181716203690e-03
-1.046462580561637878e-01,-3.508981317281723022e-02,5.939381942152976990e-02,7.626761198043823242e-01,-1.693370938301086426e-02,-6.716798543930053711e-01,5.213138181716203690e-03
-1.045743525028228760e-01,-3.506584465503692627e-02,5.940580368041992188e-02,7.637307047843933105e-01,-1.696966215968132019e-02,-6.725307703018188477e-01,5.213138181716203690e-03
-1.045503839850425720e-01,-3.506584465503692627e-02,5.941778793931007385e-02,7.645216584205627441e-01,-1.696966215968132019e-02,-6.732378005981445312e-01,5.213138181716203690e-03
-1.045743525028228760e-01,-3.504187613725662231e-02,5.942977219820022583e-02,7.655283212661743164e-01,-1.700561493635177612e-02,-6.740527749061584473e-01,5.201153922826051712e-03
-1.045983210206031799e-01,-3.502989187836647034e-02,5.939381942152976990e-02,7.665949463844299316e-01,-1.701759919524192810e-02,-6.747717857360839844e-01,5.189169663935899734e-03
-1.045743525028228760e-01,-3.502989187836647034e-02,5.938183516263961792e-02,7.676975131034851074e-01,-1.702958345413208008e-02,-6.755867004394531250e-01,5.213138181716203690e-03
-1.045863330364227295e-01,-3.504187613725662231e-02,5.936985090374946594e-02,7.692794203758239746e-01,-1.702958345413208008e-02,-6.762458682060241699e-01,5.177185405045747757e-03
-1.045983210206031799e-01,-3.504187613725662231e-02,5.934588238596916199e-02,7.708852887153625488e-01,-1.701759919524192810e-02,-6.768330931663513184e-01,5.189169663935899734e-03
-1.045743525028228760e-01,-3.504187613725662231e-02,5.933389812707901001e-02,7.723953127861022949e-01,-1.701759919524192810e-02,-6.772525310516357422e-01,5.189169663935899734e-03
-1.045264154672622681e-01,-3.500592336058616638e-02,5.934588238596916199e-02,7.735098600387573242e-01,-1.700561493635177612e-02,-6.775401830673217773e-01,5.177185405045747757e-03
-1.044425219297409058e-01,-3.502989187836647034e-02,5.935786664485931396e-02,7.743607163429260254e-01,-1.701759919524192810e-02,-6.778756976127624512e-01,5.177185405045747757e-03
-1.044425219297409058e-01,-3.502989187836647034e-02,5.938183516263961792e-02,7.749119997024536133e-01,-1.701759919524192810e-02,-6.782232522964477539e-01,5.189169663935899734e-03
-1.044545099139213562e-01,-3.500592336058616638e-02,5.938183516263961792e-02,7.753074765205383301e-01,-1.701759919524192810e-02,-6.787146329879760742e-01,5.177185405045747757e-03
-1.044425219297409058e-01,-3.499393910169601440e-02,5.940580368041992188e-02,7.754752635955810547e-01,-1.701759919524192810e-02,-6.793377995491027832e-01,5.201153922826051712e-03
-1.044545099139213562e-01,-3.499393910169601440e-02,5.938183516263961792e-02,7.756550312042236328e-01,-1.701759919524192810e-02,-6.799729466438293457e-01,5.189169663935899734e-03
-1.044664904475212097e-01,-3.499393910169601440e-02,5.939381942152976990e-02,7.758347988128662109e-01,-1.702958345413208008e-02,-6.807279586791992188e-01,5.201153922826051712e-03
-1.044784784317016602e-01,-3.496997058391571045e-02,5.938183516263961792e-02,7.761703133583068848e-01,-1.702958345413208008e-02,-6.814829707145690918e-01,5.189169663935899734e-03
-1.045264154672622681e-01,-3.495798632502555847e-02,5.936985090374946594e-02,7.768294811248779297e-01,-1.701759919524192810e-02,-6.825735569000244141e-01,5.177185405045747757e-03
-1.045264154672622681e-01,-3.496997058391571045e-02,5.932191386818885803e-02,7.779319882392883301e-01,-1.702958345413208008e-02,-6.839517354965209961e-01,5.177185405045747757e-03
-1.045264154672622681e-01,-3.499393910169601440e-02,5.930992960929870605e-02,7.790225744247436523e-01,-1.701759919524192810e-02,-6.848865151405334473e-01,5.189169663935899734e-03
-1.045144274830818176e-01,-3.496997058391571045e-02,5.933389812707901001e-02,7.799693346023559570e-01,-1.702958345413208008e-02,-6.855695843696594238e-01,5.201153922826051712e-03
-1.045024469494819641e-01,-3.496997058391571045e-02,5.932191386818885803e-02,7.807602882385253906e-01,-1.702958345413208008e-02,-6.859770417213439941e-01,5.177185405045747757e-03
-1.044904589653015137e-01,-3.495798632502555847e-02,5.934588238596916199e-02,7.813355326652526855e-01,-1.707752048969268799e-02,-6.863365769386291504e-01,5.177185405045747757e-03
-1.045024469494819641e-01,-3.493401780724525452e-02,5.938183516263961792e-02,7.816591262817382812e-01,-1.708950474858283997e-02,-6.866121888160705566e-01,5.189169663935899734e-03
-1.044784784317016602e-01,-3.493401780724525452e-02,5.941778793931007385e-02,7.819467186927795410e-01,-1.710148900747299194e-02,-6.870436668395996094e-01,5.201153922826051712e-03
-1.044664904475212097e-01,-3.492203354835510254e-02,5.940580368041992188e-02,7.820306420326232910e-01,-1.708950474858283997e-02,-6.873791813850402832e-01,5.177185405045747757e-03
-1.044664904475212097e-01,-3.489806503057479858e-02,5.939381942152976990e-02,7.822583317756652832e-01,-1.710148900747299194e-02,-6.879664063453674316e-01,5.213138181716203690e-03
-1.044784784317016602e-01,-3.488608077168464661e-02,5.938183516263961792e-02,7.823182344436645508e-01,-1.713744178414344788e-02,-6.885536313056945801e-01,5.177185405045747757e-03
-1.044784784317016602e-01,-3.489806503057479858e-02,5.936985090374946594e-02,7.824740409851074219e-01,-1.712545752525329590e-02,-6.894884109497070312e-01,5.177185405045747757e-03
-1.044664904475212097e-01,-3.488608077168464661e-02,5.938183516263961792e-02,7.824860215187072754e-01,-1.716141030192375183e-02,-6.904112100601196289e-01,5.177185405045747757e-03
-1.045024469494819641e-01,-3.488608077168464661e-02,5.939381942152976990e-02,7.825219631195068359e-01,-1.713744178414344788e-02,-6.914298534393310547e-01,5.189169663935899734e-03
-1.044784784317016602e-01,-3.486211225390434265e-02,5.938183516263961792e-02,7.825099825859069824e-01,-1.717339456081390381e-02,-6.926522850990295410e-01,5.189169663935899734e-03
-1.044904589653015137e-01,-3.489806503057479858e-02,5.932191386818885803e-02,7.825698852539062500e-01,-1.716141030192375183e-02,-6.934072971343994141e-01,5.201153922826051712e-03
-1.045024469494819641e-01,-3.489806503057479858e-02,5.932191386818885803e-02,7.825579047203063965e-01,-1.719736307859420776e-02,-6.937308311462402344e-01,5.189169663935899734e-03
-1.045144274830818176e-01,-3.488608077168464661e-02,5.930992960929870605e-02,7.827137112617492676e-01,-1.719736307859420776e-02,-6.941143274307250977e-01,5.189169663935899734e-03
-1.045024469494819641e-01,-3.488608077168464661e-02,5.932191386818885803e-02,7.827976346015930176e-01,-1.720934733748435974e-02,-6.944139599800109863e-01,5.177185405045747757e-03
-1.045144274830818176e-01,-3.488608077168464661e-02,5.934588238596916199e-02,7.830972075462341309e-01,-1.720934733748435974e-02,-6.948333978652954102e-01,5.189169663935899734e-03
-1.045264154672622681e-01,-3.485012799501419067e-02,5.936985090374946594e-02,7.833129167556762695e-01,-1.720934733748435974e-02,-6.951689720153808594e-01,5.177185405045747757e-03
-1.045264154672622681e-01,-3.481417521834373474e-02,5.938183516263961792e-02,7.837563753128051758e-01,-1.726926863193511963e-02,-6.957921385765075684e-01,5.177185405045747757e-03
-1.045144274830818176e-01,-3.479020670056343079e-02,5.938183516263961792e-02,7.840559482574462891e-01,-1.729323714971542358e-02,-6.963673830032348633e-01,5.189169663935899734e-03
-1.045264154672622681e-01,-3.477822244167327881e-02,5.938183516263961792e-02,7.847270965576171875e-01,-1.728125289082527161e-02,-6.972182393074035645e-01,5.177185405045747757e-03
-1.045264154672622681e-01,-3.477822244167327881e-02,5.939381942152976990e-02,7.851465344429016113e-01,-1.729323714971542358e-02,-6.979373097419738770e-01,5.177185405045747757e-03
-1.045383960008621216e-01,-3.477822244167327881e-02,5.936985090374946594e-02,7.857457399368286133e-01,-1.732918992638587952e-02,-6.986324191093444824e-01,5.189169663935899734e-03
-1.045024469494819641e-01,-3.477822244167327881e-02,5.936985090374946594e-02,7.862850427627563477e-01,-1.734117418527603149e-02,-6.993394494056701660e-01,5.189169663935899734e-03
-1.045024469494819641e-01,-3.477822244167327881e-02,5.936985090374946594e-02,7.868362665176391602e-01,-1.734117418527603149e-02,-7.000944614410400391e-01,5.189169663935899734e-03
-1.045144274830818176e-01,-3.475425392389297485e-02,5.936985090374946594e-02,7.872557640075683594e-01,-1.736514270305633545e-02,-7.007775902748107910e-01,5.189169663935899734e-03
-1.045264154672622681e-01,-3.474226966500282288e-02,5.936985090374946594e-02,7.877111434936523438e-01,-1.740109547972679138e-02,-7.017123699188232422e-01,5.165201146155595779e-03
-1.045264154672622681e-01,-3.471830114722251892e-02,5.939381942152976990e-02,7.881904840469360352e-01,-1.738911122083663940e-02,-7.025752067565917969e-01,5.189169663935899734e-03
-1.045264154672622681e-01,-3.471830114722251892e-02,5.938183516263961792e-02,7.888855934143066406e-01,-1.738911122083663940e-02,-7.032343149185180664e-01,5.189169663935899734e-03
-1.045264154672622681e-01,-3.471830114722251892e-02,5.938183516263961792e-02,7.895687222480773926e-01,-1.738911122083663940e-02,-7.038695216178894043e-01,5.201153922826051712e-03
-1.045144274830818176e-01,-3.474226966500282288e-02,5.938183516263961792e-02,7.903236746788024902e-01,-1.742506399750709534e-02,-7.042769789695739746e-01,5.201153922826051712e-03
-1.045024469494819641e-01,-3.471830114722251892e-02,5.938183516263961792e-02,7.908390164375305176e-01,-1.743704825639724731e-02,-7.045885324478149414e-01,5.201153922826051712e-03
-1.045024469494819641e-01,-3.470631688833236694e-02,5.939381942152976990e-02,7.913902997970581055e-01,-1.747300103306770325e-02,-7.049480676651000977e-01,5.165201146155595779e-03
-1.045024469494819641e-01,-3.470631688833236694e-02,5.939381942152976990e-02,7.916539311408996582e-01,-1.748498529195785522e-02,-7.052237391471862793e-01,5.189169663935899734e-03
-1.045024469494819641e-01,-3.468234837055206299e-02,5.938183516263961792e-02,7.917258739471435547e-01,-1.748498529195785522e-02,-7.055352926254272461e-01,5.177185405045747757e-03
-1.045024469494819641e-01,-3.468234837055206299e-02,5.938183516263961792e-02,7.917378544807434082e-01,-1.748498529195785522e-02,-7.058349251747131348e-01,5.177185405045747757e-03
-1.044904589653015137e-01,-3.468234837055206299e-02,5.941778793931007385e-02,7.917618155479431152e-01,-1.746101677417755127e-02,-7.061105370521545410e-01,5.201153922826051712e-03
-1.045024469494819641e-01,-3.467036411166191101e-02,5.939381942152976990e-02,7.917618155479431152e-01,-1.748498529195785522e-02,-7.064461112022399902e-01,5.177185405045747757e-03
-1.044904589653015137e-01,-3.467036411166191101e-02,5.939381942152976990e-02,7.917737960815429688e-01,-1.750895380973815918e-02,-7.067577242851257324e-01,5.201153922826051712e-03
-1.045024469494819641e-01,-3.467036411166191101e-02,5.936985090374946594e-02,7.917977571487426758e-01,-1.749696955084800720e-02,-7.070812582969665527e-01,5.189169663935899734e-03
-1.045144274830818176e-01,-3.467036411166191101e-02,5.939381942152976990e-02,7.917977571487426758e-01,-1.747300103306770325e-02,-7.074887156486511230e-01,5.177185405045747757e-03
-1.045024469494819641e-01,-3.467036411166191101e-02,5.938183516263961792e-02,7.918336987495422363e-01,-1.749696955084800720e-02,-7.079321742057800293e-01,5.177185405045747757e-03
-1.045144274830818176e-01,-3.465837985277175903e-02,5.938183516263961792e-02,7.918456792831420898e-01,-1.750895380973815918e-02,-7.084954380989074707e-01,5.165201146155595779e-03
-1.045024469494819641e-01,-3.464639559388160706e-02,5.938183516263961792e-02,7.918456792831420898e-01,-1.748498529195785522e-02,-7.090346813201904297e-01,5.177185405045747757e-03
-1.045024469494819641e-01,-3.463441133499145508e-02,5.938183516263961792e-02,7.918576598167419434e-01,-1.749696955084800720e-02,-7.096698880195617676e-01,5.189169663935899734e-03
-1.045024469494819641e-01,-3.462242707610130310e-02,5.939381942152976990e-02,7.918816804885864258e-01,-1.749696955084800720e-02,-7.103289961814880371e-01,5.189169663935899734e-03
-1.045024469494819641e-01,-3.459845855832099915e-02,5.938183516263961792e-02,7.918816804885864258e-01,-1.749696955084800720e-02,-7.110241055488586426e-01,5.165201146155595779e-03
-1.045024469494819641e-01,-3.458647429943084717e-02,5.938183516263961792e-02,7.918816804885864258e-01,-1.752093806862831116e-02,-7.118629813194274902e-01,5.153216887265443802e-03
-1.045024469494819641e-01,-3.458647429943084717e-02,5.938183516263961792e-02,7.918936610221862793e-01,-1.753292232751846313e-02,-7.127258181571960449e-01,5.177185405045747757e-03
-1.045024469494819641e-01,-3.459845855832099915e-02,5.938183516263961792e-02,7.918936610221862793e-01,-1.753292232751846313e-02,-7.133969664573669434e-01,5.153216887265443802e-03
-1.045144274830818176e-01,-3.459845855832099915e-02,5.938183516263961792e-02,7.918936610221862793e-01,-1.754490658640861511e-02,-7.139722108840942383e-01,5.165201146155595779e-03
-1.044904589653015137e-01,-3.459845855832099915e-02,5.938183516263961792e-02,7.919415831565856934e-01,-1.754490658640861511e-02,-7.145115137100219727e-01,5.153216887265443802e-03
-1.045024469494819641e-01,-3.459845855832099915e-02,5.936985090374946594e-02,7.919176220893859863e-01,-1.753292232751846313e-02,-7.149189710617065430e-01,5.165201146155595779e-03
-1.045144274830818176e-01,-3.461044281721115112e-02,5.936985090374946594e-02,7.919775247573852539e-01,-1.753292232751846313e-02,-7.154342532157897949e-01,5.165201146155595779e-03
-1.045144274830818176e-01,-3.461044281721115112e-02,5.939381942152976990e-02,7.920014858245849609e-01,-1.752093806862831116e-02,-7.158057689666748047e-01,5.165201146155595779e-03
-1.045024469494819641e-01,-3.461044281721115112e-02,5.936985090374946594e-02,7.920613884925842285e-01,-1.753292232751846313e-02,-7.163330912590026855e-01,5.177185405045747757e-03
-1.045024469494819641e-01,-3.461044281721115112e-02,5.938183516263961792e-02,7.920973896980285645e-01,-1.752093806862831116e-02,-7.167884707450866699e-01,5.189169663935899734e-03
-1.045024469494819641e-01,-3.463441133499145508e-02,5.938183516263961792e-02,7.921213507652282715e-01,-1.752093806862831116e-02,-7.172199487686157227e-01,5.165201146155595779e-03
-1.045024469494819641e-01,-3.462242707610130310e-02,5.939381942152976990e-02,7.921572923660278320e-01,-1.754490658640861511e-02,-7.177232503890991211e-01,5.165201146155595779e-03
-1.045024469494819641e-01,-3.462242707610130310e-02,5.938183516263961792e-02,7.921932339668273926e-01,-1.754490658640861511e-02,-7.182865142822265625e-01,5.141232628375291824e-03
-1.045024469494819641e-01,-3.459845855832099915e-02,5.939381942152976990e-02,7.922171950340270996e-01,-1.756887510418891907e-02,-7.188737392425537109e-01,5.153216887265443802e-03
-1.045024469494819641e-01,-3.462242707610130310e-02,5.936985090374946594e-02,7.922291755676269531e-01,-1.756887510418891907e-02,-7.195448875427246094e-01,5.177185405045747757e-03
-1.045024469494819641e-01,-3.459845855832099915e-02,5.938183516263961792e-02,7.922291755676269531e-01,-1.755689084529876709e-02,-7.202519178390502930e-01,5.153216887265443802e-03
-1.045144274830818176e-01,-3.459845855832099915e-02,5.938183516263961792e-02,7.922531366348266602e-01,-1.755689084529876709e-02,-7.210548520088195801e-01,5.165201146155595779e-03
-1.045144274830818176e-01,-3.458647429943084717e-02,5.938183516263961792e-02,7.922531366348266602e-01,-1.755689084529876709e-02,-7.217739224433898926e-01,5.153216887265443802e-03
-1.045264154672622681e-01,-3.458647429943084717e-02,5.938183516263961792e-02,7.922771573066711426e-01,-1.756887510418891907e-02,-7.225289344787597656e-01,5.153216887265443802e-03
-1.045024469494819641e-01,-3.458647429943084717e-02,5.936985090374946594e-02,7.922531366348266602e-01,-1.756887510418891907e-02,-7.232599854469299316e-01,5.165201146155595779e-03
-1.045144274830818176e-01,-3.456250578165054321e-02,5.938183516263961792e-02,7.922531366348266602e-01,-1.755689084529876709e-02,-7.237753272056579590e-01,5.153216887265443802e-03
-1.045144274830818176e-01,-3.458647429943084717e-02,5.938183516263961792e-02,7.922531366348266602e-01,-1.756887510418891907e-02,-7.241348028182983398e-01,5.141232628375291824e-03
-1.045264154672622681e-01,-3.457449004054069519e-02,5.938183516263961792e-02,7.922531366348266602e-01,-1.758085750043392181e-02,-7.243505716323852539e-01,5.153216887265443802e-03
-1.045264154672622681e-01,-3.457449004054069519e-02,5.938183516263961792e-02,7.922531366348266602e-01,-1.756887510418891907e-02,-7.245182991027832031e-01,5.153216887265443802e-03
-1.045144274830818176e-01,-3.458647429943084717e-02,5.936985090374946594e-02,7.922771573066711426e-01,-1.754490658640861511e-02,-7.247220277786254883e-01,5.165201146155595779e-03
-1.045144274830818176e-01,-3.457449004054069519e-02,5.936985090374946594e-02,7.922651171684265137e-01,-1.756887510418891907e-02,-7.248538732528686523e-01,5.153216887265443802e-03
-1.045024469494819641e-01,-3.457449004054069519e-02,5.938183516263961792e-02,7.922771573066711426e-01,-1.754490658640861511e-02,-7.249617576599121094e-01,5.129248369485139847e-03
-1.045024469494819641e-01,-3.457449004054069519e-02,5.938183516263961792e-02,7.922651171684265137e-01,-1.755689084529876709e-02,-7.250216603279113770e-01,5.129248369485139847e-03
-1.045144274830818176e-01,-3.457449004054069519e-02,5.935786664485931396e-02,7.922771573066711426e-01,-1.758085750043392181e-02,-7.251415252685546875e-01,5.093295592814683914e-03
-1.045024469494819641e-01,-3.457449004054069519e-02,5.938183516263961792e-02,7.922891378402709961e-01,-1.756887510418891907e-02,-7.252852916717529297e-01,5.117264110594987869e-03
-1.045264154672622681e-01,-3.458647429943084717e-02,5.938183516263961792e-02,7.922891378402709961e-01,-1.758085750043392181e-02,-7.253572344779968262e-01,5.141232628375291824e-03
-1.045024469494819641e-01,-3.457449004054069519e-02,5.938183516263961792e-02,7.922891378402709961e-01,-1.760482601821422577e-02,-7.254410982131958008e-01,5.129248369485139847e-03
-1.045264154672622681e-01,-3.457449004054069519e-02,5.938183516263961792e-02,7.923011183738708496e-01,-1.759284175932407379e-02,-7.255250215530395508e-01,5.141232628375291824e-03
-1.045144274830818176e-01,-3.456250578165054321e-02,5.936985090374946594e-02,7.922891378402709961e-01,-1.759284175932407379e-02,-7.256088852882385254e-01,5.117264110594987869e-03
-1.045264154672622681e-01,-3.457449004054069519e-02,5.935786664485931396e-02,7.922891378402709961e-01,-1.760482601821422577e-02,-7.257766723632812500e-01,5.105279851704835892e-03
-1.045264154672622681e-01,-3.455052152276039124e-02,5.936985090374946594e-02,7.923011183738708496e-01,-1.760482601821422577e-02,-7.258844971656799316e-01,5.105279851704835892e-03
-1.045264154672622681e-01,-3.453853726387023926e-02,5.936985090374946594e-02,7.923130989074707031e-01,-1.758085750043392181e-02,-7.260642647743225098e-01,5.093295592814683914e-03
-1.045264154672622681e-01,-3.450258448719978333e-02,5.938183516263961792e-02,7.923130989074707031e-01,-1.761681027710437775e-02,-7.262560129165649414e-01,5.129248369485139847e-03
-1.045264154672622681e-01,-3.449060022830963135e-02,5.936985090374946594e-02,7.923130989074707031e-01,-1.760482601821422577e-02,-7.264357805252075195e-01,5.141232628375291824e-03
-1.045024469494819641e-01,-3.447861596941947937e-02,5.936985090374946594e-02,7.923130989074707031e-01,-1.759284175932407379e-02,-7.266634702682495117e-01,5.129248369485139847e-03
-1.045264154672622681e-01,-3.444266319274902344e-02,5.936985090374946594e-02,7.923130989074707031e-01,-1.762879453599452972e-02,-7.269271612167358398e-01,5.105279851704835892e-03
-1.045024469494819641e-01,-3.443067893385887146e-02,5.936985090374946594e-02,7.923370599746704102e-01,-1.760482601821422577e-02,-7.271668314933776855e-01,5.105279851704835892e-03
-1.045264154672622681e-01,-3.439472615718841553e-02,5.936985090374946594e-02,7.923370599746704102e-01,-1.761681027710437775e-02,-7.274424433708190918e-01,5.093295592814683914e-03
-1.045264154672622681e-01,-3.437075763940811157e-02,5.938183516263961792e-02,7.923130989074707031e-01,-1.761681027710437775e-02,-7.277300953865051270e-01,5.117264110594987869e-03
-1.045264154672622681e-01,-3.434678912162780762e-02,5.938183516263961792e-02,7.923130989074707031e-01,-1.761681027710437775e-02,-7.280176877975463867e-01,5.105279851704835892e-03
-1.045264154672622681e-01,-3.432282060384750366e-02,5.935786664485931396e-02,7.923370599746704102e-01,-1.764077879488468170e-02,-7.283293008804321289e-01,5.105279851704835892e-03
-1.045264154672622681e-01,-3.433480486273765564e-02,5.936985090374946594e-02,7.923370599746704102e-01,-1.764077879488468170e-02,-7.285929322242736816e-01,5.105279851704835892e-03
-1.045264154672622681e-01,-3.432282060384750366e-02,5.939381942152976990e-02,7.923370599746704102e-01,-1.764077879488468170e-02,-7.289045453071594238e-01,5.117264110594987869e-03
-1.045383960008621216e-01,-3.427488356828689575e-02,5.938183516263961792e-02,7.923370599746704102e-01,-1.762879453599452972e-02,-7.292041778564453125e-01,5.105279851704835892e-03
-1.045383960008621216e-01,-3.428686782717704773e-02,5.936985090374946594e-02,7.923490405082702637e-01,-1.764077879488468170e-02,-7.294917702674865723e-01,5.105279851704835892e-03
-1.045383960008621216e-01,-3.426289930939674377e-02,5.936985090374946594e-02,7.923370599746704102e-01,-1.762879453599452972e-02,-7.297794222831726074e-01,5.069327075034379959e-03
-1.045264154672622681e-01,-3.421496227383613586e-02,5.935786664485931396e-02,7.923490405082702637e-01,-1.764077879488468170e-02,-7.300789952278137207e-01,5.057343281805515289e-03
-1.045503839850425720e-01,-3.420297801494598389e-02,5.936985090374946594e-02,7.923370599746704102e-01,-1.764077879488468170e-02,-7.303306460380554199e-01,5.045359022915363312e-03
-1.045503839850425720e-01,-3.413107246160507202e-02,5.938183516263961792e-02,7.923610210418701172e-01,-1.762879453599452972e-02,-7.305943369865417480e-01,5.009406246244907379e-03
-1.045623645186424255e-01,-3.411908820271492004e-02,5.935786664485931396e-02,7.923490405082702637e-01,-1.764077879488468170e-02,-7.307860851287841797e-01,5.033374764025211334e-03
-1.045863330364227295e-01,-3.407115116715431213e-02,5.936985090374946594e-02,7.923370599746704102e-01,-1.765276305377483368e-02,-7.310257554054260254e-01,4.997421987354755402e-03
-1.046342700719833374e-01,-3.402321413159370422e-02,5.936985090374946594e-02,7.923370599746704102e-01,-1.764077879488468170e-02,-7.311576008796691895e-01,4.997421987354755402e-03
-1.046462580561637878e-01,-3.398726135492324829e-02,5.936985090374946594e-02,7.923610210418701172e-01,-1.762879453599452972e-02,-7.313493490219116211e-01,4.985437728464603424e-03
-1.046822071075439453e-01,-3.393932431936264038e-02,5.936985090374946594e-02,7.923610210418701172e-01,-1.764077879488468170e-02,-7.314931154251098633e-01,4.985437728464603424e-03
-1.047061756253242493e-01,-3.391535580158233643e-02,5.938183516263961792e-02,7.923370599746704102e-01,-1.762879453599452972e-02,-7.316129803657531738e-01,4.961469210684299469e-03
-1.047301441431045532e-01,-3.386741876602172852e-02,5.938183516263961792e-02,7.923490405082702637e-01,-1.765276305377483368e-02,-7.317208647727966309e-01,4.913532175123691559e-03
-1.047421321272850037e-01,-3.383146598935127258e-02,5.936985090374946594e-02,7.923730015754699707e-01,-1.766474731266498566e-02,-7.318406701087951660e-01,4.925516434013843536e-03
-1.047661006450653076e-01,-3.381948545575141907e-02,5.938183516263961792e-02,7.923490405082702637e-01,-1.766474731266498566e-02,-7.319605350494384766e-01,4.877579864114522934e-03
-1.048379987478256226e-01,-3.381948545575141907e-02,5.936985090374946594e-02,7.923610210418701172e-01,-1.765276305377483368e-02,-7.321043610572814941e-01,4.877579864114522934e-03
-1.049099043011665344e-01,-3.381948545575141907e-02,5.936985090374946594e-02,7.923490405082702637e-01,-1.766474731266498566e-02,-7.321762442588806152e-01,4.829642828553915024e-03
-1.049818098545074463e-01,-3.384345024824142456e-02,5.936985090374946594e-02,7.923490405082702637e-01,-1.764077879488468170e-02,-7.322720885276794434e-01,4.769721534103155136e-03
-1.050417348742485046e-01,-3.381948545575141907e-02,5.936985090374946594e-02,7.923490405082702637e-01,-1.762879453599452972e-02,-7.323320508003234863e-01,4.757737275213003159e-03
-1.051735579967498779e-01,-3.384345024824142456e-02,5.936985090374946594e-02,7.923490405082702637e-01,-1.767673157155513763e-02,-7.324278950691223145e-01,4.709800705313682556e-03
-1.052454635500907898e-01,-3.384345024824142456e-02,5.936985090374946594e-02,7.923730015754699707e-01,-1.766474731266498566e-02,-7.324878573417663574e-01,4.625910893082618713e-03
-1.054132431745529175e-01,-3.383146598935127258e-02,5.938183516263961792e-02,7.923610210418701172e-01,-1.767673157155513763e-02,-7.325837016105651855e-01,4.565989598631858826e-03
-1.055091172456741333e-01,-3.383146598935127258e-02,5.936985090374946594e-02,7.923490405082702637e-01,-1.766474731266498566e-02,-7.326675653457641602e-01,4.506068769842386246e-03
-1.055930107831954956e-01,-3.384345024824142456e-02,5.934588238596916199e-02,7.923490405082702637e-01,-1.766474731266498566e-02,-7.327395081520080566e-01,4.470115993171930313e-03
-1.057248339056968689e-01,-3.384345024824142456e-02,5.934588238596916199e-02,7.923610210418701172e-01,-1.767673157155513763e-02,-7.328353524208068848e-01,4.398210439831018448e-03
-1.058326959609985352e-01,-3.384345024824142456e-02,5.933389812707901001e-02,7.923490405082702637e-01,-1.766474731266498566e-02,-7.329552173614501953e-01,4.386226646602153778e-03
-1.058926135301589966e-01,-3.384345024824142456e-02,5.930992960929870605e-02,7.923730015754699707e-01,-1.765276305377483368e-02,-7.330510616302490234e-01,4.302336834371089935e-03
-1.059884876012802124e-01,-3.384345024824142456e-02,5.927397683262825012e-02,7.923370599746704102e-01,-1.764077879488468170e-02,-7.331230044364929199e-01,4.242415539920330048e-03
-1.060484126210212708e-01,-3.384345024824142456e-02,5.926199257373809814e-02,7.923610210418701172e-01,-1.767673157155513763e-02,-7.332308292388916016e-01,4.230431281030178070e-03
-1.061083301901817322e-01,-3.384345024824142456e-02,5.926199257373809814e-02,7.923490405082702637e-01,-1.766474731266498566e-02,-7.333387136459350586e-01,4.206463228911161423e-03
-1.061682477593421936e-01,-3.384345024824142456e-02,5.923802405595779419e-02,7.923490405082702637e-01,-1.764077879488468170e-02,-7.333866357803344727e-01,4.122573416680097580e-03
-1.062281727790832520e-01,-3.384345024824142456e-02,5.926199257373809814e-02,7.923490405082702637e-01,-1.767673157155513763e-02,-7.333986163139343262e-01,4.074636381119489670e-03
-1.063360273838043213e-01,-3.384345024824142456e-02,5.922603979706764221e-02,7.923730015754699707e-01,-1.766474731266498566e-02,-7.333986163139343262e-01,4.074636381119489670e-03
-1.065277755260467529e-01,-3.384345024824142456e-02,5.926199257373809814e-02,7.923730015754699707e-01,-1.771268434822559357e-02,-7.334105968475341797e-01,4.002731293439865112e-03
-1.067554801702499390e-01,-3.384345024824142456e-02,5.922603979706764221e-02,7.923730015754699707e-01,-1.768871583044528961e-02,-7.334225773811340332e-01,4.002731293439865112e-03
-1.070790514349937439e-01,-3.384345024824142456e-02,5.921405553817749023e-02,7.923730015754699707e-01,-1.766474731266498566e-02,-7.334585785865783691e-01,3.978762775659561157e-03
-1.075104847550392151e-01,-3.385543450713157654e-02,5.921405553817749023e-02,7.923730015754699707e-01,-1.768871583044528961e-02,-7.334345579147338867e-01,3.966778516769409180e-03
-1.080857291817665100e-01,-3.380750119686126709e-02,5.927397683262825012e-02,7.923730015754699707e-01,-1.770070008933544159e-02,-7.334585785865783691e-01,3.942809998989105225e-03
-1.086250171065330505e-01,-3.380750119686126709e-02,5.926199257373809814e-02,7.923849821090698242e-01,-1.770070008933544159e-02,-7.334585785865783691e-01,3.918841481208801270e-03
-1.094399467110633850e-01,-3.380750119686126709e-02,5.923802405595779419e-02,7.923849821090698242e-01,-1.768871583044528961e-02,-7.334705591201782227e-01,3.906857222318649292e-03
-1.102668568491935730e-01,-3.377154842019081116e-02,5.923802405595779419e-02,7.923849821090698242e-01,-1.770070008933544159e-02,-7.334825396537780762e-01,3.906857222318649292e-03
-1.111656725406646729e-01,-3.378353267908096313e-02,5.926199257373809814e-02,7.923849821090698242e-01,-1.768871583044528961e-02,-7.334705591201782227e-01,3.846936393529176712e-03
-1.122322678565979004e-01,-3.377154842019081116e-02,5.921405553817749023e-02,7.923969626426696777e-01,-1.770070008933544159e-02,-7.334705591201782227e-01,3.846936393529176712e-03
-1.132868826389312744e-01,-3.377154842019081116e-02,5.926199257373809814e-02,7.923730015754699707e-01,-1.770070008933544159e-02,-7.335903644561767578e-01,3.846936393529176712e-03
-1.140898242592811584e-01,-3.377154842019081116e-02,5.926199257373809814e-02,7.923730015754699707e-01,-1.773665286600589752e-02,-7.336862683296203613e-01,3.846936393529176712e-03
-1.151204705238342285e-01,-3.375956416130065918e-02,5.934588238596916199e-02,7.923849821090698242e-01,-1.770070008933544159e-02,-7.338180541992187500e-01,3.846936393529176712e-03
-1.160312667489051819e-01,-3.371162712574005127e-02,5.936985090374946594e-02,7.923849821090698242e-01,-1.773665286600589752e-02,-7.338420748710632324e-01,3.870904678478837013e-03
-1.171697676181793213e-01,-3.367567434906959534e-02,5.938183516263961792e-02,7.923849821090698242e-01,-1.773665286600589752e-02,-7.339019775390625000e-01,3.882888937368988991e-03
-1.182363629341125488e-01,-3.360376879572868347e-02,5.939381942152976990e-02,7.923849821090698242e-01,-1.773665286600589752e-02,-7.339019775390625000e-01,3.846936393529176712e-03
-1.195785999298095703e-01,-3.361575305461883545e-02,5.938183516263961792e-02,7.923849821090698242e-01,-1.774863712489604950e-02,-7.339259386062622070e-01,3.834952134639024734e-03
-1.208848804235458374e-01,-3.359178453683853149e-02,5.935786664485931396e-02,7.923730015754699707e-01,-1.774863712489604950e-02,-7.339618802070617676e-01,3.834952134639024734e-03
-1.219874322414398193e-01,-3.357980027794837952e-02,5.933389812707901001e-02,7.923969626426696777e-01,-1.773665286600589752e-02,-7.340217828750610352e-01,3.846936393529176712e-03
-1.231259331107139587e-01,-3.359178453683853149e-02,5.933389812707901001e-02,7.923730015754699707e-01,-1.774863712489604950e-02,-7.340577840805053711e-01,3.846936393529176712e-03
-1.242045089602470398e-01,-3.357980027794837952e-02,5.932191386818885803e-02,7.923730015754699707e-01,-1.773665286600589752e-02,-7.341416478157043457e-01,3.810983616858720779e-03
-1.250793635845184326e-01,-3.359178453683853149e-02,5.933389812707901001e-02,7.923849821090698242e-01,-1.774863712489604950e-02,-7.341656088829040527e-01,3.810983616858720779e-03
-1.261699199676513672e-01,-3.359178453683853149e-02,5.928596109151840210e-02,7.923730015754699707e-01,-1.776062138378620148e-02,-7.341656088829040527e-01,3.775030840188264847e-03
-1.270327866077423096e-01,-3.359178453683853149e-02,5.927397683262825012e-02,7.923969626426696777e-01,-1.774863712489604950e-02,-7.342015504837036133e-01,3.798999357968568802e-03
-1.282312124967575073e-01,-3.359178453683853149e-02,5.926199257373809814e-02,7.923849821090698242e-01,-1.773665286600589752e-02,-7.341895699501037598e-01,3.798999357968568802e-03
-1.295854300260543823e-01,-3.359178453683853149e-02,5.930992960929870605e-02,7.923849821090698242e-01,-1.776062138378620148e-02,-7.341895699501037598e-01,3.834952134639024734e-03
-1.308677345514297485e-01,-3.355583176016807556e-02,5.930992960929870605e-02,7.923969626426696777e-01,-1.777260564267635345e-02,-7.341895699501037598e-01,3.798999357968568802e-03
-1.326533854007720947e-01,-3.353186324238777161e-02,5.936985090374946594e-02,7.923849821090698242e-01,-1.778458990156650543e-02,-7.342015504837036133e-01,3.798999357968568802e-03
-1.343551427125930786e-01,-3.349591046571731567e-02,5.932191386818885803e-02,7.923969626426696777e-01,-1.778458990156650543e-02,-7.342015504837036133e-01,3.798999357968568802e-03
-1.361288130283355713e-01,-3.349591046571731567e-02,5.936985090374946594e-02,7.923849821090698242e-01,-1.777260564267635345e-02,-7.342255711555480957e-01,3.763046814128756523e-03
-1.382020860910415649e-01,-3.350789472460746765e-02,5.929794535040855408e-02,7.924089431762695312e-01,-1.778458990156650543e-02,-7.342255711555480957e-01,3.763046814128756523e-03
-1.406109184026718140e-01,-3.350789472460746765e-02,5.935786664485931396e-02,7.924089431762695312e-01,-1.778458990156650543e-02,-7.342495322227478027e-01,3.763046814128756523e-03
-1.430796682834625244e-01,-3.350789472460746765e-02,5.930992960929870605e-02,7.924089431762695312e-01,-1.778458990156650543e-02,-7.342854738235473633e-01,3.751062555238604546e-03
-1.455843746662139893e-01,-3.353186324238777161e-02,5.929794535040855408e-02,7.923849821090698242e-01,-1.776062138378620148e-02,-7.343453764915466309e-01,3.739078296348452568e-03
-1.477175652980804443e-01,-3.355583176016807556e-02,5.919008702039718628e-02,7.923849821090698242e-01,-1.774863712489604950e-02,-7.344772219657897949e-01,3.715109778568148613e-03
-1.499466300010681152e-01,-3.361575305461883545e-02,5.916611850261688232e-02,7.923849821090698242e-01,-1.777260564267635345e-02,-7.345491051673889160e-01,3.703125519677996635e-03
-1.517202854156494141e-01,-3.367567434906959534e-02,5.913016572594642639e-02,7.923730015754699707e-01,-1.778458990156650543e-02,-7.346210479736328125e-01,3.679157234728336334e-03
-1.536377668380737305e-01,-3.369964286684989929e-02,5.914214998483657837e-02,7.923490405082702637e-01,-1.777260564267635345e-02,-7.347288727760314941e-01,3.667172975838184357e-03
-1.553635001182556152e-01,-3.373559564352035522e-02,5.910619720816612244e-02,7.923730015754699707e-01,-1.778458990156650543e-02,-7.348487377166748047e-01,3.655188716948032379e-03
-1.567057222127914429e-01,-3.373559564352035522e-02,5.910619720816612244e-02,7.923730015754699707e-01,-1.776062138378620148e-02,-7.348487377166748047e-01,3.595267655327916145e-03
-1.582996249198913574e-01,-3.369964286684989929e-02,5.913016572594642639e-02,7.923730015754699707e-01,-1.777260564267635345e-02,-7.348487377166748047e-01,3.643204458057880402e-03
-1.600253582000732422e-01,-3.368765860795974731e-02,5.916611850261688232e-02,7.923730015754699707e-01,-1.779657416045665741e-02,-7.348607182502746582e-01,3.667172975838184357e-03
-1.617990285158157349e-01,-3.365170583128929138e-02,5.921405553817749023e-02,7.923490405082702637e-01,-1.779657416045665741e-02,-7.348846793174743652e-01,3.643204458057880402e-03
-1.633569747209548950e-01,-3.363972157239913940e-02,5.919008702039718628e-02,7.923610210418701172e-01,-1.779657416045665741e-02,-7.349326014518737793e-01,3.643204458057880402e-03
-1.646992117166519165e-01,-3.366369009017944336e-02,5.921405553817749023e-02,7.923610210418701172e-01,-1.779657416045665741e-02,-7.349565625190734863e-01,3.655188716948032379e-03
-1.660174727439880371e-01,-3.366369009017944336e-02,5.916611850261688232e-02,7.923490405082702637e-01,-1.779657416045665741e-02,-7.349565625190734863e-01,3.643204458057880402e-03
-1.673357337713241577e-01,-3.366369009017944336e-02,5.916611850261688232e-02,7.923490405082702637e-01,-1.778458990156650543e-02,-7.349565625190734863e-01,3.643204458057880402e-03
-1.686899513006210327e-01,-3.366369009017944336e-02,5.915413424372673035e-02,7.923610210418701172e-01,-1.780855841934680939e-02,-7.349685430526733398e-01,3.643204458057880402e-03
-1.703677475452423096e-01,-3.366369009017944336e-02,5.919008702039718628e-02,7.923610210418701172e-01,-1.779657416045665741e-02,-7.349565625190734863e-01,3.655188716948032379e-03
-1.721414178609848022e-01,-3.363972157239913940e-02,5.921405553817749023e-02,7.923490405082702637e-01,-1.778458990156650543e-02,-7.349565625190734863e-01,3.667172975838184357e-03
-1.740708649158477783e-01,-3.363972157239913940e-02,5.926199257373809814e-02,7.923610210418701172e-01,-1.782054267823696136e-02,-7.349445819854736328e-01,3.667172975838184357e-03
-1.762400120496749878e-01,-3.362773731350898743e-02,5.929794535040855408e-02,7.923490405082702637e-01,-1.779657416045665741e-02,-7.349445819854736328e-01,3.679157234728336334e-03
-1.785769462585449219e-01,-3.360376879572868347e-02,5.936985090374946594e-02,7.923610210418701172e-01,-1.779657416045665741e-02,-7.349565625190734863e-01,3.703125519677996635e-03
-1.815130710601806641e-01,-3.356781601905822754e-02,5.938183516263961792e-02,7.923370599746704102e-01,-1.780855841934680939e-02,-7.349565625190734863e-01,3.703125519677996635e-03
-1.842335015535354614e-01,-3.355583176016807556e-02,5.939381942152976990e-02,7.923370599746704102e-01,-1.779657416045665741e-02,-7.349565625190734863e-01,3.691141260787844658e-03
-1.868700236082077026e-01,-3.357980027794837952e-02,5.929794535040855408e-02,7.921333312988281250e-01,-1.779657416045665741e-02,-7.349445819854736328e-01,3.679157234728336334e-03
-1.897462308406829834e-01,-3.362773731350898743e-02,5.922603979706764221e-02,7.920374274253845215e-01,-1.779657416045665741e-02,-7.349805235862731934e-01,3.667172975838184357e-03
-1.922269761562347412e-01,-3.366369009017944336e-02,5.920207127928733826e-02,7.919535636901855469e-01,-1.778458990156650543e-02,-7.349565625190734863e-01,3.655188716948032379e-03
-1.949953287839889526e-01,-3.366369009017944336e-02,5.919008702039718628e-02,7.917857766151428223e-01,-1.780855841934680939e-02,-7.349685430526733398e-01,3.679157234728336334e-03
-1.977756619453430176e-01,-3.368765860795974731e-02,5.910619720816612244e-02,7.917378544807434082e-01,-1.779657416045665741e-02,-7.349565625190734863e-01,3.691141260787844658e-03
-2.001844942569732666e-01,-3.366369009017944336e-02,5.914214998483657837e-02,7.917019128799438477e-01,-1.779657416045665741e-02,-7.349565625190734863e-01,3.679157234728336334e-03
-2.031086534261703491e-01,-3.366369009017944336e-02,5.914214998483657837e-02,7.915580868721008301e-01,-1.778458990156650543e-02,-7.349805235862731934e-01,3.691141260787844658e-03
-2.056493014097213745e-01,-3.366369009017944336e-02,5.916611850261688232e-02,7.915580868721008301e-01,-1.779657416045665741e-02,-7.349565625190734863e-01,3.691141260787844658e-03
-2.082019448280334473e-01,-3.366369009017944336e-02,5.926199257373809814e-02,7.915221452713012695e-01,-1.778458990156650543e-02,-7.349326014518737793e-01,3.679157234728336334e-03
-2.110422104597091675e-01,-3.366369009017944336e-02,5.922603979706764221e-02,7.915221452713012695e-01,-1.779657416045665741e-02,-7.349086403846740723e-01,3.715109778568148613e-03
-2.138345241546630859e-01,-3.363972157239913940e-02,5.929794535040855408e-02,7.914621829986572266e-01,-1.779657416045665741e-02,-7.349086403846740723e-01,3.763046814128756523e-03
-2.163032740354537964e-01,-3.362773731350898743e-02,5.926199257373809814e-02,7.914621829986572266e-01,-1.778458990156650543e-02,-7.348846793174743652e-01,3.739078296348452568e-03
-2.193113267421722412e-01,-3.360376879572868347e-02,5.928596109151840210e-02,7.914382219314575195e-01,-1.778458990156650543e-02,-7.348487377166748047e-01,3.751062555238604546e-03
-2.226189672946929932e-01,-3.360376879572868347e-02,5.930992960929870605e-02,7.914262413978576660e-01,-1.778458990156650543e-02,-7.348008155822753906e-01,3.751062555238604546e-03
-2.256749421358108521e-01,-3.360376879572868347e-02,5.926199257373809814e-02,7.913423776626586914e-01,-1.778458990156650543e-02,-7.347648143768310547e-01,3.739078296348452568e-03
-2.287788540124893188e-01,-3.360376879572868347e-02,5.926199257373809814e-02,7.913423776626586914e-01,-1.778458990156650543e-02,-7.346330285072326660e-01,3.763046814128756523e-03
-2.322782576084136963e-01,-3.360376879572868347e-02,5.920207127928733826e-02,7.910667061805725098e-01,-1.779657416045665741e-02,-7.345251441001892090e-01,3.739078296348452568e-03
-2.349507361650466919e-01,-3.362773731350898743e-02,5.921405553817749023e-02,7.906352877616882324e-01,-1.777260564267635345e-02,-7.344052791595458984e-01,3.751062555238604546e-03
-2.384261637926101685e-01,-3.363972157239913940e-02,5.919008702039718628e-02,7.902398109436035156e-01,-1.776062138378620148e-02,-7.342255711555480957e-01,3.751062555238604546e-03
-2.417697608470916748e-01,-3.365170583128929138e-02,5.919008702039718628e-02,7.897724509239196777e-01,-1.779657416045665741e-02,-7.340098023414611816e-01,3.727094037458300591e-03
-2.445261329412460327e-01,-3.365170583128929138e-02,5.914214998483657837e-02,7.892331480979919434e-01,-1.778458990156650543e-02,-7.335304617881774902e-01,3.751062555238604546e-03
-2.477618753910064697e-01,-3.362773731350898743e-02,5.917810276150703430e-02,7.890413999557495117e-01,-1.778458990156650543e-02,-7.330510616302490234e-01,3.763046814128756523e-03
-2.512732446193695068e-01,-3.360376879572868347e-02,5.922603979706764221e-02,7.889694571495056152e-01,-1.778458990156650543e-02,-7.323440313339233398e-01,3.798999357968568802e-03
-2.546767592430114746e-01,-3.356781601905822754e-02,5.919008702039718628e-02,7.888137102127075195e-01,-1.776062138378620148e-02,-7.317088842391967773e-01,3.763046814128756523e-03
-2.582121193408966064e-01,-3.357980027794837952e-02,5.919008702039718628e-02,7.888256907463073730e-01,-1.778458990156650543e-02,-7.310976386070251465e-01,3.763046814128756523e-03
-2.618313431739807129e-01,-3.359178453683853149e-02,5.917810276150703430e-02,7.887777090072631836e-01,-1.779657416045665741e-02,-7.304265499114990234e-01,3.763046814128756523e-03
-2.653307616710662842e-01,-3.357980027794837952e-02,5.915413424372673035e-02,7.887417674064636230e-01,-1.779657416045665741e-02,-7.298992276191711426e-01,3.775030840188264847e-03
-2.691656947135925293e-01,-3.357980027794837952e-02,5.916611850261688232e-02,7.887417674064636230e-01,-1.778458990156650543e-02,-7.291681766510009766e-01,3.763046814128756523e-03
-2.730605602264404297e-01,-3.354384750127792358e-02,5.913016572594642639e-02,7.886579036712646484e-01,-1.778458990156650543e-02,-7.283772230148315430e-01,3.787015099078416824e-03
-2.766318619251251221e-01,-3.354384750127792358e-02,5.909421294927597046e-02,7.886219620704650879e-01,-1.776062138378620148e-02,-7.278499603271484375e-01,3.787015099078416824e-03
-2.806226313114166260e-01,-3.356781601905822754e-02,5.898635834455490112e-02,7.884421944618225098e-01,-1.778458990156650543e-02,-7.269870638847351074e-01,3.763046814128756523e-03
-2.843377292156219482e-01,-3.360376879572868347e-02,5.883056297898292542e-02,7.879268527030944824e-01,-1.777260564267635345e-02,-7.261362075805664062e-01,3.739078296348452568e-03
-2.877172827720642090e-01,-3.360376879572868347e-02,5.874667316675186157e-02,7.875912785530090332e-01,-1.777260564267635345e-02,-7.250576019287109375e-01,3.739078296348452568e-03
-2.914563715457916260e-01,-3.360376879572868347e-02,5.885453149676322937e-02,7.873755693435668945e-01,-1.777260564267635345e-02,-7.238472104072570801e-01,3.775030840188264847e-03
-2.955429852008819580e-01,-3.356781601905822754e-02,5.889048427343368530e-02,7.871718406677246094e-01,-1.779657416045665741e-02,-7.226248383522033691e-01,3.787015099078416824e-03
-2.992461025714874268e-01,-3.354384750127792358e-02,5.889048427343368530e-02,7.870160341262817383e-01,-1.778458990156650543e-02,-7.215102910995483398e-01,3.787015099078416824e-03
-3.036083579063415527e-01,-3.354384750127792358e-02,5.885453149676322937e-02,7.866565585136413574e-01,-1.777260564267635345e-02,-7.196766734123229980e-01,3.798999357968568802e-03
-3.078507781028747559e-01,-3.356781601905822754e-02,5.884254723787307739e-02,7.864648103713989258e-01,-1.778458990156650543e-02,-7.177232503890991211e-01,3.787015099078416824e-03
-3.115658760070800781e-01,-3.359178453683853149e-02,5.877064168453216553e-02,7.864527702331542969e-01,-1.778458990156650543e-02,-7.156859636306762695e-01,3.775030840188264847e-03
-3.159161508083343506e-01,-3.357980027794837952e-02,5.875865742564201355e-02,7.864288091659545898e-01,-1.778458990156650543e-02,-7.141759395599365234e-01,3.798999357968568802e-03
-3.203742802143096924e-01,-3.357980027794837952e-02,5.877064168453216553e-02,7.863928675651550293e-01,-1.778458990156650543e-02,-7.128936052322387695e-01,3.846936393529176712e-03
-3.237418532371520996e-01,-3.360376879572868347e-02,5.877064168453216553e-02,7.862130999565124512e-01,-1.778458990156650543e-02,-7.120667099952697754e-01,3.763046814128756523e-03
-3.276127576828002930e-01,-3.359178453683853149e-02,5.877064168453216553e-02,7.861651778221130371e-01,-1.778458990156650543e-02,-7.107484340667724609e-01,3.810983616858720779e-03
-3.314477205276489258e-01,-3.360376879572868347e-02,5.874667316675186157e-02,7.861292362213134766e-01,-1.777260564267635345e-02,-7.091904878616333008e-01,3.798999357968568802e-03
-3.349111676216125488e-01,-3.360376879572868347e-02,5.878262594342231750e-02,7.861172556877136230e-01,-1.778458990156650543e-02,-7.077164649963378906e-01,3.787015099078416824e-03
-3.392854034900665283e-01,-3.357980027794837952e-02,5.879461020231246948e-02,7.861292362213134766e-01,-1.778458990156650543e-02,-7.060266733169555664e-01,3.846936393529176712e-03
-3.429166078567504883e-01,-3.356781601905822754e-02,5.881857872009277344e-02,7.861052751541137695e-01,-1.778458990156650543e-02,-7.044567465782165527e-01,3.894873196259140968e-03
-3.468594253063201904e-01,-3.356781601905822754e-02,5.879461020231246948e-02,7.861172556877136230e-01,-1.777260564267635345e-02,-7.027310132980346680e-01,3.870904678478837013e-03
-3.501071631908416748e-01,-3.359178453683853149e-02,5.878262594342231750e-02,7.860932946205139160e-01,-1.778458990156650543e-02,-7.010292410850524902e-01,3.846936393529176712e-03
-3.537983000278472900e-01,-3.360376879572868347e-02,5.875865742564201355e-02,7.860692739486694336e-01,-1.777260564267635345e-02,-6.991716623306274414e-01,3.858920419588685036e-03
-3.575972914695739746e-01,-3.360376879572868347e-02,5.869873613119125366e-02,7.860813140869140625e-01,-1.778458990156650543e-02,-6.965830922126770020e-01,3.846936393529176712e-03
-3.607611358165740967e-01,-3.362773731350898743e-02,5.869873613119125366e-02,7.860333323478698730e-01,-1.777260564267635345e-02,-6.941862702369689941e-01,3.846936393529176712e-03
-3.641646504402160645e-01,-3.362773731350898743e-02,5.866278335452079773e-02,7.860093712806701660e-01,-1.777260564267635345e-02,-6.922807693481445312e-01,3.834952134639024734e-03
-3.668491244316101074e-01,-3.366369009017944336e-02,5.860286206007003784e-02,7.860093712806701660e-01,-1.779657416045665741e-02,-6.906388998031616211e-01,3.858920419588685036e-03
-3.701208233833312988e-01,-3.368765860795974731e-02,5.854294076561927795e-02,7.859854102134704590e-01,-1.778458990156650543e-02,-6.891288757324218750e-01,3.882888937368988991e-03
-3.733565509319305420e-01,-3.366369009017944336e-02,5.847103521227836609e-02,7.859854102134704590e-01,-1.778458990156650543e-02,-6.871395111083984375e-01,3.870904678478837013e-03
-3.762687146663665771e-01,-3.368765860795974731e-02,5.841111391782760620e-02,7.859854102134704590e-01,-1.780855841934680939e-02,-6.850662231445312500e-01,3.894873196259140968e-03
-3.802714645862579346e-01,-3.372361138463020325e-02,5.841111391782760620e-02,7.860093712806701660e-01,-1.779657416045665741e-02,-6.828970909118652344e-01,3.894873196259140968e-03
-3.843700587749481201e-01,-3.372361138463020325e-02,5.835119262337684631e-02,7.859854102134704590e-01,-1.778458990156650543e-02,-6.803684234619140625e-01,3.918841481208801270e-03
-3.878454864025115967e-01,-3.374757990241050720e-02,5.807555466890335083e-02,7.859973907470703125e-01,-1.778458990156650543e-02,-6.776719689369201660e-01,3.918841481208801270e-03
-3.920159935951232910e-01,-3.375956416130065918e-02,5.768007785081863403e-02,7.859854102134704590e-01,-1.777260564267635345e-02,-6.748077273368835449e-01,3.930825740098953247e-03
-3.956471979618072510e-01,-3.390337154269218445e-02,5.699697509407997131e-02,7.859854102134704590e-01,-1.778458990156650543e-02,-6.720873117446899414e-01,3.870904678478837013e-03
-3.995540738105773926e-01,-3.405916690826416016e-02,5.648165196180343628e-02,7.859854102134704590e-01,-1.778458990156650543e-02,-6.699901223182678223e-01,3.906857222318649292e-03
-4.036526679992675781e-01,-3.426289930939674377e-02,5.601426959037780762e-02,7.859854102134704590e-01,-1.779657416045665741e-02,-6.674613952636718750e-01,3.858920419588685036e-03
-4.074276983737945557e-01,-3.432282060384750366e-02,5.561878904700279236e-02,7.859854102134704590e-01,-1.778458990156650543e-02,-6.654241085052490234e-01,3.906857222318649292e-03
-4.113705158233642578e-01,-3.440671041607856750e-02,5.535513535141944885e-02,7.859854102134704590e-01,-1.779657416045665741e-02,-6.635066270828247070e-01,3.894873196259140968e-03
-4.155410230159759521e-01,-3.450258448719978333e-02,5.504354834556579590e-02,7.860093712806701660e-01,-1.779657416045665741e-02,-6.615292429924011230e-01,3.858920419588685036e-03
-4.199991524219512939e-01,-3.451456874608993530e-02,5.480386316776275635e-02,7.859854102134704590e-01,-1.779657416045665741e-02,-6.592402458190917969e-01,3.918841481208801270e-03
-4.248647391796112061e-01,-3.451456874608993530e-02,5.461211502552032471e-02,7.860093712806701660e-01,-1.778458990156650543e-02,-6.562921404838562012e-01,3.906857222318649292e-03
-4.294067621231079102e-01,-3.453853726387023926e-02,5.418068170547485352e-02,7.859973907470703125e-01,-1.778458990156650543e-02,-6.534878015518188477e-01,3.918841481208801270e-03
-4.337330758571624756e-01,-3.457449004054069519e-02,5.356948822736740112e-02,7.859854102134704590e-01,-1.777260564267635345e-02,-6.511748433113098145e-01,3.906857222318649292e-03
-4.382750988006591797e-01,-3.459845855832099915e-02,5.241899937391281128e-02,7.859854102134704590e-01,-1.779657416045665741e-02,-6.479391455650329590e-01,3.918841481208801270e-03
-4.429849088191986084e-01,-3.459845855832099915e-02,5.106478556990623474e-02,7.859854102134704590e-01,-1.780855841934680939e-02,-6.452786326408386230e-01,3.954794257879257202e-03
-4.477426409721374512e-01,-3.465837985277175903e-02,4.943493008613586426e-02,7.859854102134704590e-01,-1.778458990156650543e-02,-6.422466039657592773e-01,3.954794257879257202e-03
-4.519850611686706543e-01,-3.468234837055206299e-02,4.786499589681625366e-02,7.859854102134704590e-01,-1.777260564267635345e-02,-6.396460533142089844e-01,3.918841481208801270e-03
-4.568027257919311523e-01,-3.493401780724525452e-02,4.679840058088302612e-02,7.859734296798706055e-01,-1.777260564267635345e-02,-6.367458701133728027e-01,3.918841481208801270e-03
-4.616323709487915039e-01,-3.523362055420875549e-02,4.619918763637542725e-02,7.859854102134704590e-01,-1.778458990156650543e-02,-6.336659193038940430e-01,3.906857222318649292e-03
-4.663781225681304932e-01,-3.572497516870498657e-02,4.581569135189056396e-02,7.859854102134704590e-01,-1.778458990156650543e-02,-6.307537555694580078e-01,3.918841481208801270e-03
-4.717230796813964844e-01,-3.612045571208000183e-02,4.555204138159751892e-02,7.859854102134704590e-01,-1.778458990156650543e-02,-6.274940371513366699e-01,3.954794257879257202e-03
-4.767804145812988281e-01,-3.642006218433380127e-02,4.480901733040809631e-02,7.859854102134704590e-01,-1.778458990156650543e-02,-6.242462992668151855e-01,3.942809998989105225e-03
-4.811426699161529541e-01,-3.659982234239578247e-02,4.373043775558471680e-02,7.859614491462707520e-01,-1.778458990156650543e-02,-6.223647594451904297e-01,3.990747034549713135e-03
-4.856607317924499512e-01,-3.679157048463821411e-02,4.193280264735221863e-02,7.859854102134704590e-01,-1.778458990156650543e-02,-6.196683049201965332e-01,3.978762775659561157e-03
-4.899630546569824219e-01,-3.682752326130867004e-02,3.961984813213348389e-02,7.859854102134704590e-01,-1.779657416045665741e-02,-6.174272894859313965e-01,4.014715552330017090e-03
-4.944092035293579102e-01,-3.694736585021018982e-02,3.716308251023292542e-02,7.859854102134704590e-01,-1.778458990156650543e-02,-6.148146986961364746e-01,3.990747034549713135e-03
-4.989991784095764160e-01,-3.715109825134277344e-02,3.494600206613540649e-02,7.859854102134704590e-01,-1.778458990156650543e-02,-6.120583415031433105e-01,3.966778516769409180e-03
-5.038168430328369141e-01,-3.757054731249809265e-02,3.224955126643180847e-02,7.859854102134704590e-01,-1.778458990156650543e-02,-6.087027788162231445e-01,3.990747034549713135e-03
-5.085266232490539551e-01,-3.790610283613204956e-02,3.014032728970050812e-02,7.859854102134704590e-01,-1.780855841934680939e-02,-6.052273511886596680e-01,4.014715552330017090e-03
-5.132004618644714355e-01,-3.863714262843132019e-02,2.823483385145664215e-02,7.859854102134704590e-01,-1.777260564267635345e-02,-6.016800403594970703e-01,3.906857222318649292e-03
-5.182218551635742188e-01,-3.959587961435317993e-02,2.660498023033142090e-02,7.859854102134704590e-01,-1.778458990156650543e-02,-5.990434885025024414e-01,3.906857222318649292e-03
-5.229556560516357422e-01,-4.090216010808944702e-02,2.508298307657241821e-02,7.859854102134704590e-01,-1.778458990156650543e-02,-5.960234403610229492e-01,4.014715552330017090e-03
-5.268625020980834961e-01,-4.220844060182571411e-02,2.387257665395736694e-02,7.859854102134704590e-01,-1.779657416045665741e-02,-5.940340757369995117e-01,4.038684070110321045e-03
-5.317640304565429688e-01,-4.365853220224380493e-02,2.225470542907714844e-02,7.859854102134704590e-01,-1.778458990156650543e-02,-5.907503962516784668e-01,4.038684070110321045e-03
-5.363180637359619141e-01,-4.464123770594596863e-02,2.043310366570949554e-02,7.859854102134704590e-01,-1.777260564267635345e-02,-5.874307751655578613e-01,4.086620640009641647e-03
-5.414952039718627930e-01,-4.613926634192466736e-02,1.816808618605136871e-02,7.859854102134704590e-01,-1.778458990156650543e-02,-5.837995409965515137e-01,4.002731293439865112e-03
-5.467323660850524902e-01,-4.764927923679351807e-02,1.640640385448932648e-02,7.860093712806701660e-01,-1.777260564267635345e-02,-5.807675123214721680e-01,3.990747034549713135e-03
-5.512623786926269531e-01,-4.929111897945404053e-02,1.424924377351999283e-02,7.859973907470703125e-01,-1.778458990156650543e-02,-5.777954459190368652e-01,4.050668329000473022e-03
-5.563915967941284180e-01,-5.089700594544410706e-02,1.199620962142944336e-02,7.859973907470703125e-01,-1.776062138378620148e-02,-5.758659839630126953e-01,4.074636381119489670e-03
-5.603823661804199219e-01,-5.234709754586219788e-02,1.027048099786043167e-02,7.859854102134704590e-01,-1.777260564267635345e-02,-5.740803480148315430e-01,3.990747034549713135e-03
-5.649843215942382812e-01,-5.428854003548622131e-02,9.155947715044021606e-03,7.859854102134704590e-01,-1.777260564267635345e-02,-5.721508860588073730e-01,3.930825740098953247e-03
-5.696941018104553223e-01,-5.642173066735267639e-02,8.329036645591259003e-03,7.859734296798706055e-01,-1.776062138378620148e-02,-5.684357881546020508e-01,3.966778516769409180e-03
-5.738286972045898438e-01,-5.817142874002456665e-02,7.514109369367361069e-03,7.859854102134704590e-01,-1.778458990156650543e-02,-5.649003982543945312e-01,4.050668329000473022e-03
-5.787302255630493164e-01,-5.987318977713584900e-02,6.028065457940101624e-03,7.859854102134704590e-01,-1.778458990156650543e-02,-5.607778429985046387e-01,4.098604898899793625e-03
-5.832482576370239258e-01,-6.109558045864105225e-02,3.894873196259140968e-03,7.859854102134704590e-01,-1.777260564267635345e-02,-5.573863387107849121e-01,4.110589157789945602e-03
-5.869993567466735840e-01,-6.218614429235458374e-02,1.162469852715730667e-03,7.859854102134704590e-01,-1.777260564267635345e-02,-5.547617673873901367e-01,4.098604898899793625e-03
-5.911219120025634766e-01,-6.376805901527404785e-02,-1.282312092371284962e-03,7.859854102134704590e-01,-1.778458990156650543e-02,-5.527364611625671387e-01,3.990747034549713135e-03
-5.951246619224548340e-01,-6.550577282905578613e-02,-3.283677622675895691e-03,7.859854102134704590e-01,-1.777260564267635345e-02,-5.492969751358032227e-01,4.038684070110321045e-03
-5.990075469017028809e-01,-6.705173850059509277e-02,-5.536712240427732468e-03,7.859854102134704590e-01,-1.778458990156650543e-02,-5.466364622116088867e-01,4.146541934460401535e-03
-6.032379865646362305e-01,-6.850183010101318359e-02,-8.556736633181571960e-03,7.859973907470703125e-01,-1.778458990156650543e-02,-5.424539446830749512e-01,4.218447487801313400e-03
-6.073485612869262695e-01,-6.991597265005111694e-02,-1.095358189195394516e-02,7.860093712806701660e-01,-1.776062138378620148e-02,-5.387628078460693359e-01,4.110589157789945602e-03
-6.113752722740173340e-01,-7.146193832159042358e-02,-1.191231980919837952e-02,7.860213518142700195e-01,-1.773665286600589752e-02,-5.360304117202758789e-01,4.098604898899793625e-03
-6.162528395652770996e-01,-7.293599843978881836e-02,-1.265534199774265289e-02,7.860213518142700195e-01,-1.776062138378620148e-02,-5.337533950805664062e-01,4.110589157789945602e-03
-6.205551624298095703e-01,-7.421831041574478149e-02,-1.405749656260013580e-02,7.860213518142700195e-01,-1.776062138378620148e-02,-5.312966704368591309e-01,4.122573416680097580e-03
-6.252170205116271973e-01,-7.502125203609466553e-02,-1.578322425484657288e-02,7.860093712806701660e-01,-1.780855841934680939e-02,-5.285762548446655273e-01,4.374242387712001801e-03
-6.298668980598449707e-01,-7.550062239170074463e-02,-1.810816489160060883e-02,7.860093712806701660e-01,-1.778458990156650543e-02,-5.246094465255737305e-01,4.422178957611322403e-03
-6.353796720504760742e-01,-7.609982788562774658e-02,-2.079263143241405487e-02,7.859854102134704590e-01,-1.778458990156650543e-02,-5.205228328704833984e-01,4.302336834371089935e-03
-6.403890848159790039e-01,-7.705856859683990479e-02,-2.244645357131958008e-02,7.860333323478698730e-01,-1.777260564267635345e-02,-5.162684321403503418e-01,4.254399798810482025e-03
-6.449071168899536133e-01,-7.826897501945495605e-02,-2.378868684172630310e-02,7.860093712806701660e-01,-1.779657416045665741e-02,-5.131884813308715820e-01,4.242415539920330048e-03
-6.501442193984985352e-01,-7.931160181760787964e-02,-2.600576914846897125e-02,7.860093712806701660e-01,-1.778458990156650543e-02,-5.105999112129211426e-01,4.470115993171930313e-03
-6.555491089820861816e-01,-8.021041750907897949e-02,-2.803110331296920776e-02,7.860093712806701660e-01,-1.778458990156650543e-02,-5.074720382690429688e-01,4.386226646602153778e-03
-6.611098051071166992e-01,-8.098939061164855957e-02,-3.002048470079898834e-02,7.860333323478698730e-01,-1.773665286600589752e-02,-5.045478940010070801e-01,4.338289611041545868e-03
-6.673176288604736328e-01,-8.228369057178497314e-02,-3.065564855933189392e-02,7.860213518142700195e-01,-1.778458990156650543e-02,-5.007608532905578613e-01,4.302336834371089935e-03
-6.730220913887023926e-01,-8.345814794301986694e-02,-3.133874759078025818e-02,7.860093712806701660e-01,-1.776062138378620148e-02,-4.971296191215515137e-01,4.290352575480937958e-03
-6.788344383239746094e-01,-8.486030250787734985e-02,-3.192597627639770508e-02,7.860333323478698730e-01,-1.776062138378620148e-02,-4.940017461776733398e-01,4.326305352151393890e-03
-6.844190955162048340e-01,-8.601078391075134277e-02,-3.256113827228546143e-02,7.860213518142700195e-01,-1.776062138378620148e-02,-4.912813305854797363e-01,4.446147475391626358e-03
-6.895123720169067383e-01,-8.714928478002548218e-02,-3.366369009017944336e-02,7.860093712806701660e-01,-1.777260564267635345e-02,-4.881534576416015625e-01,4.386226646602153778e-03
-6.946296691894531250e-01,-8.813199400901794434e-02,-3.500592336058616638e-02,7.860333323478698730e-01,-1.777260564267635345e-02,-4.857925474643707275e-01,4.422178957611322403e-03
-6.997109651565551758e-01,-8.910271525382995605e-02,-3.675561770796775818e-02,7.860093712806701660e-01,-1.776062138378620148e-02,-4.820055365562438965e-01,4.422178957611322403e-03
-7.044807076454162598e-01,-8.978581428527832031e-02,-3.944008424878120422e-02,7.860333323478698730e-01,-1.776062138378620148e-02,-4.780507385730743408e-01,4.482100252062082291e-03
-7.094661593437194824e-01,-9.099622070789337158e-02,-4.147740453481674194e-02,7.860093712806701660e-01,-1.776062138378620148e-02,-4.744554758071899414e-01,4.374242387712001801e-03
-7.141399979591369629e-01,-9.217067807912826538e-02,-4.281963780522346497e-02,7.860333323478698730e-01,-1.776062138378620148e-02,-4.715672731399536133e-01,4.374242387712001801e-03
-7.184183597564697266e-01,-9.364473819732666016e-02,-4.483298584818840027e-02,7.860093712806701660e-01,-1.776062138378620148e-02,-4.686071872711181641e-01,4.362258128821849823e-03
-7.229963541030883789e-01,-9.491506218910217285e-02,-4.666657373309135437e-02,7.860093712806701660e-01,-1.777260564267635345e-02,-4.661623835563659668e-01,4.542021546512842178e-03
-7.266755104064941406e-01,-9.590975195169448853e-02,-4.835635051131248474e-02,7.860093712806701660e-01,-1.774863712489604950e-02,-4.631423652172088623e-01,4.434163216501474380e-03
-7.315770387649536133e-01,-9.695237874984741211e-02,-4.962667822837829590e-02,7.860213518142700195e-01,-1.776062138378620148e-02,-4.598946571350097656e-01,4.422178957611322403e-03
-7.361909747123718262e-01,-9.829461574554443359e-02,-4.995024949312210083e-02,7.859973907470703125e-01,-1.776062138378620148e-02,-4.561915099620819092e-01,4.410194698721170425e-03
-7.401936650276184082e-01,-9.973271936178207397e-02,-5.021390318870544434e-02,7.860093712806701660e-01,-1.776062138378620148e-02,-4.525842666625976562e-01,4.446147475391626358e-03
-7.442443370819091797e-01,-1.010389998555183411e-01,-5.051350966095924377e-02,7.860093712806701660e-01,-1.776062138378620148e-02,-4.491567909717559814e-01,4.494084510952234268e-03
-7.478635907173156738e-01,-1.021415516734123230e-01,-5.112470313906669617e-02,7.860093712806701660e-01,-1.774863712489604950e-02,-4.459090530872344971e-01,4.446147475391626358e-03
-7.520700693130493164e-01,-1.034358516335487366e-01,-5.193963274359703064e-02,7.859854102134704590e-01,-1.773665286600589752e-02,-4.426253736019134521e-01,4.434163216501474380e-03
-7.555215358734130859e-01,-1.044784784317016602e-01,-5.245495215058326721e-02,7.860093712806701660e-01,-1.776062138378620148e-02,-4.395214617252349854e-01,4.410194698721170425e-03
-7.588651180267333984e-01,-1.057248339056968689e-01,-5.316202342510223389e-02,7.860213518142700195e-01,-1.776062138378620148e-02,-4.354827702045440674e-01,4.458131734281778336e-03
-7.621368169784545898e-01,-1.068153977394104004e-01,-5.366536229848861694e-02,7.859854102134704590e-01,-1.774863712489604950e-02,-4.324028193950653076e-01,4.482100252062082291e-03
-7.653965353965759277e-01,-1.076662763953208923e-01,-5.439639836549758911e-02,7.860093712806701660e-01,-1.776062138378620148e-02,-4.282323122024536133e-01,4.482100252062082291e-03
-7.690277099609375000e-01,-1.083493828773498535e-01,-5.548696219921112061e-02,7.860333323478698730e-01,-1.777260564267635345e-02,-4.251643717288970947e-01,4.482100252062082291e-03
-7.730304598808288574e-01,-1.088647022843360901e-01,-5.688911676406860352e-02,7.860333323478698730e-01,-1.776062138378620148e-02,-4.216889441013336182e-01,4.506068769842386246e-03
-7.762781977653503418e-01,-1.091882735490798950e-01,-5.832722410559654236e-02,7.860333323478698730e-01,-1.777260564267635345e-02,-4.191842377185821533e-01,4.446147475391626358e-03
-7.801730632781982422e-01,-1.096077263355255127e-01,-5.977731570601463318e-02,7.860093712806701660e-01,-1.774863712489604950e-02,-4.159964323043823242e-01,4.446147475391626358e-03
-7.841158509254455566e-01,-1.101230457425117493e-01,-6.070009991526603699e-02,7.860093712806701660e-01,-1.774863712489604950e-02,-4.125090241432189941e-01,4.422178957611322403e-03
-7.871838212013244629e-01,-1.110338494181632996e-01,-6.127534434199333191e-02,7.860093712806701660e-01,-1.773665286600589752e-02,-4.085781872272491455e-01,4.434163216501474380e-03
-7.908629775047302246e-01,-1.120644882321357727e-01,-6.155098229646682739e-02,7.860333323478698730e-01,-1.776062138378620148e-02,-4.047192633152008057e-01,4.422178957611322403e-03
-7.939908504486083984e-01,-1.131790205836296082e-01,-6.159891933202743530e-02,7.860093712806701660e-01,-1.776062138378620148e-02,-4.008363783359527588e-01,4.422178957611322403e-03
-7.968910336494445801e-01,-1.142695844173431396e-01,-6.164685636758804321e-02,7.860333323478698730e-01,-1.777260564267635345e-02,-3.984515070915222168e-01,4.470115993171930313e-03
-8.001747131347656250e-01,-1.153361871838569641e-01,-6.169478967785835266e-02,7.860333323478698730e-01,-1.773665286600589752e-02,-3.946285545825958252e-01,4.482100252062082291e-03
-8.030269742012023926e-01,-1.161630973219871521e-01,-6.167082488536834717e-02,7.860333323478698730e-01,-1.776062138378620148e-02,-3.915126621723175049e-01,4.482100252062082291e-03
-8.065263628959655762e-01,-1.170858815312385559e-01,-6.173074245452880859e-02,7.860333323478698730e-01,-1.776062138378620148e-02,-3.869826197624206543e-01,4.506068769842386246e-03
-8.101216554641723633e-01,-1.177689805626869202e-01,-6.173074245452880859e-02,7.860692739486694336e-01,-1.774863712489604950e-02,-3.834113180637359619e-01,4.494084510952234268e-03
-8.136689662933349609e-01,-1.185359731316566467e-01,-6.171875819563865662e-02,7.860572934150695801e-01,-1.776062138378620148e-02,-3.804632127285003662e-01,4.494084510952234268e-03
-8.172882199287414551e-01,-1.192909777164459229e-01,-6.171875819563865662e-02,7.860692739486694336e-01,-1.777260564267635345e-02,-3.780783414840698242e-01,4.518053028732538223e-03
-8.209074735641479492e-01,-1.201778128743171692e-01,-6.171875819563865662e-02,7.860572934150695801e-01,-1.778458990156650543e-02,-3.749144971370697021e-01,4.518053028732538223e-03
-8.243828415870666504e-01,-1.208728924393653870e-01,-6.170677393674850464e-02,7.860692739486694336e-01,-1.774863712489604950e-02,-3.719544112682342529e-01,4.542021546512842178e-03
-8.281579017639160156e-01,-1.216159164905548096e-01,-6.171875819563865662e-02,7.860572934150695801e-01,-1.776062138378620148e-02,-3.670408725738525391e-01,4.530037287622690201e-03
-8.323044180870056152e-01,-1.223349720239639282e-01,-6.173074245452880859e-02,7.860692739486694336e-01,-1.776062138378620148e-02,-3.630501329898834229e-01,4.530037287622690201e-03
-8.358517885208129883e-01,-1.228622794151306152e-01,-6.175471097230911255e-02,7.860932946205139160e-01,-1.777260564267635345e-02,-3.595747053623199463e-01,4.542021546512842178e-03
-8.395309448242187500e-01,-1.234974414110183716e-01,-6.181463226675987244e-02,7.860932946205139160e-01,-1.774863712489604950e-02,-3.569501340389251709e-01,4.530037287622690201e-03
-8.435935974121093750e-01,-1.241805404424667358e-01,-6.182661652565002441e-02,7.860692739486694336e-01,-1.777260564267635345e-02,-3.541817963123321533e-01,4.542021546512842178e-03
-8.473805785179138184e-01,-1.246718987822532654e-01,-6.181463226675987244e-02,7.860932946205139160e-01,-1.774863712489604950e-02,-3.508861362934112549e-01,4.577973857522010803e-03
-8.521143794059753418e-01,-1.253669857978820801e-01,-6.179066374897956848e-02,7.860692739486694336e-01,-1.776062138378620148e-02,-3.467156291007995605e-01,4.577973857522010803e-03
-8.563328385353088379e-01,-1.260141283273696899e-01,-6.179066374897956848e-02,7.860932946205139160e-01,-1.777260564267635345e-02,-3.428926467895507812e-01,4.554005805402994156e-03
-8.608149290084838867e-01,-1.269009560346603394e-01,-6.179066374897956848e-02,7.860932946205139160e-01,-1.776062138378620148e-02,-3.389858007431030273e-01,4.601942375302314758e-03
-8.656325936317443848e-01,-1.278596967458724976e-01,-6.181463226675987244e-02,7.860932946205139160e-01,-1.776062138378620148e-02,-3.363372683525085449e-01,4.637895151972770691e-03
-8.707857728004455566e-01,-1.287585198879241943e-01,-6.179066374897956848e-02,7.860692739486694336e-01,-1.774863712489604950e-02,-3.327300250530242920e-01,4.625910893082618713e-03
-8.748484253883361816e-01,-1.298370957374572754e-01,-6.179066374897956848e-02,7.860932946205139160e-01,-1.774863712489604950e-02,-3.293744325637817383e-01,4.637895151972770691e-03
-8.796421289443969727e-01,-1.311433762311935425e-01,-6.175471097230911255e-02,7.860692739486694336e-01,-1.776062138378620148e-02,-3.244129717350006104e-01,4.673847928643226624e-03
